{
    "0": {
        "trees_by_client": 10,
        "first_server_serialise_trees_size": 9343,
        "fit_time": 0.17184209823608398,
        "client_serialise_trees_size": 382986,
        "final_server_serialise_trees_size": 876110,
        "f1_score": 0.9664961949270983,
        "mcc": 0.951605886920225,
        "accuracy": 0.9617279894875165,
        "precision": 0.9693322873901965,
        "recall": 0.965653314287148,
        "confusion_matrix": [
            [
                0.9879518072289156,
                0.0005238344683080147,
                0.011524358302776323,
                0.0,
                0.0,
                0.0
            ],
            [
                0.0173053152039555,
                0.9542645241038319,
                0.0173053152039555,
                0.0,
                0.011124845488257108,
                0.0
            ],
            [
                0.01929530201342282,
                0.0008389261744966443,
                0.9773489932885906,
                0.0,
                0.0025167785234899327,
                0.0
            ],
            [
                0.0,
                0.0,
                0.0,
                1.0,
                0.0,
                0.0
            ],
            [
                0.0,
                0.022375215146299483,
                0.10327022375215146,
                0.0,
                0.8743545611015491,
                0.0
            ],
            [
                0.0,
                0.0,
                0.0,
                0.0,
                0.0,
                1.0
            ]
        ],
        "confusion_matrix_labels": [
            "DoS/DDoS",
            "Info_Gathering",
            "Injection",
            "MITM",
            "Malware",
            "Normal"
        ],
        "round_time": 3.2278497219085693,
        "round_start_time": 1777041497.6815903,
        "round_end_time": 1777041500.90944,
        "evaluate_time": 0.2197256088256836,
        "inference_time": 0.003925323486328125
    },
    "1": {
        "trees_by_client": 20,
        "first_server_serialise_trees_size": 18734,
        "fit_time": 0.3063819408416748,
        "client_serialise_trees_size": 697619,
        "final_server_serialise_trees_size": 1866661,
        "f1_score": 0.9659656788111347,
        "mcc": 0.9506139640099843,
        "accuracy": 0.9609067017082786,
        "precision": 0.9689364568829634,
        "recall": 0.9651735797804797,
        "confusion_matrix": [
            [
                0.9869041382922996,
                0.0,
                0.013095861707700367,
                0.0,
                0.0,
                0.0
            ],
            [
                0.014833127317676144,
                0.9567367119901112,
                0.0173053152039555,
                0.0,
                0.011124845488257108,
                0.0
            ],
            [
                0.020134228187919462,
                0.0,
                0.9773489932885906,
                0.0,
                0.0025167785234899327,
                0.0
            ],
            [
                0.0,
                0.0,
                0.0,
                1.0,
                0.0,
                0.0
            ],
            [
                0.0,
                0.022375215146299483,
                0.10757314974182444,
                0.0,
                0.8700516351118761,
                0.0
            ],
            [
                0.0,
                0.0,
                0.0,
                0.0,
                0.0,
                1.0
            ]
        ],
        "confusion_matrix_labels": [
            "DoS/DDoS",
            "Info_Gathering",
            "Injection",
            "MITM",
            "Malware",
            "Normal"
        ],
        "round_time": 2.4748716354370117,
        "round_start_time": 1777041516.2509718,
        "round_end_time": 1777041518.7258434,
        "evaluate_time": 0.242262601852417,
        "inference_time": 0.0058405399322509766
    },
    "2": {
        "trees_by_client": 30,
        "first_server_serialise_trees_size": 28636,
        "fit_time": 0.5493149757385254,
        "client_serialise_trees_size": 1048268,
        "final_server_serialise_trees_size": 2659576,
        "f1_score": 0.9664406348338678,
        "mcc": 0.9514509644816237,
        "accuracy": 0.9615637319316689,
        "precision": 0.9693523473104988,
        "recall": 0.9656940279561882,
        "confusion_matrix": [
            [
                0.9879518072289156,
                0.0,
                0.012048192771084338,
                0.0,
                0.0,
                0.0
            ],
            [
                0.013597033374536464,
                0.957972805933251,
                0.0173053152039555,
                0.0,
                0.011124845488257108,
                0.0
            ],
            [
                0.01929530201342282,
                0.0,
                0.9781879194630873,
                0.0,
                0.0025167785234899327,
                0.0
            ],
            [
                0.0,
                0.0,
                0.0,
                1.0,
                0.0,
                0.0
            ],
            [
                0.0,
                0.022375215146299483,
                0.10757314974182444,
                0.0,
                0.8700516351118761,
                0.0
            ],
            [
                0.0,
                0.0,
                0.0,
                0.0,
                0.0,
                1.0
            ]
        ],
        "confusion_matrix_labels": [
            "DoS/DDoS",
            "Info_Gathering",
            "Injection",
            "MITM",
            "Malware",
            "Normal"
        ],
        "round_time": 3.9213995933532715,
        "round_start_time": 1777041533.7929797,
        "round_end_time": 1777041537.7143793,
        "evaluate_time": 0.2584865093231201,
        "inference_time": 0.007929801940917969
    },
    "3": {
        "trees_by_client": 40,
        "first_server_serialise_trees_size": 37465,
        "fit_time": 0.875499963760376,
        "client_serialise_trees_size": 1449453,
        "final_server_serialise_trees_size": 3673377,
        "f1_score": 0.967226890454111,
        "mcc": 0.9526412585709015,
        "accuracy": 0.9625492772667543,
        "precision": 0.9699460556950971,
        "recall": 0.9664395130788906,
        "confusion_matrix": [
            [
                0.9884756416972237,
                0.0,
                0.011524358302776323,
                0.0,
                0.0,
                0.0
            ],
            [
                0.014833127317676144,
                0.9567367119901112,
                0.0173053152039555,
                0.0,
                0.011124845488257108,
                0.0
            ],
            [
                0.01929530201342282,
                0.0008389261744966443,
                0.9773489932885906,
                0.0,
                0.0025167785234899327,
                0.0
            ],
            [
                0.0,
                0.0,
                0.0,
                1.0,
                0.0,
                0.0
            ],
            [
                0.0,
                0.022375215146299483,
                0.10154905335628227,
                0.0,
                0.8760757314974182,
                0.0
            ],
            [
                0.0,
                0.0,
                0.0,
                0.0,
                0.0,
                1.0
            ]
        ],
        "confusion_matrix_labels": [
            "DoS/DDoS",
            "Info_Gathering",
            "Injection",
            "MITM",
            "Malware",
            "Normal"
        ],
        "round_time": 4.945096492767334,
        "round_start_time": 1777041552.780074,
        "round_end_time": 1777041557.7251704,