{
    "1": {
        "fit_time": 326.5727369785309,
        "train_loss": 0.28834583626575105,
        "num_train_samples": 85230,
        "model_param_count": 78574,
        "model_size_bytes": 314296,
        "epochs": 200,
        "batch_size": 64,
        "learning_rate": 0.001,
        "optimizer": "sgd",
        "momentum": 0.9,
        "device": "cpu",
        "round_start_time": 1772224298.9143076,
        "target_labels": [
            "0",
            "1",
            "2",
            "3",
            "4",
            "5"
        ],
        "input_features": 74,
        "output_classes": 6,
        "evaluate_time": 0.14727163314819336,
        "inference_time": 0.14727091789245605,
        "test_loss": 0.3799752495755303,
        "accuracy": 0.8097048195598104,
        "precision": 0.8419529208254145,
        "recall": 0.8097048195598104,
        "f1_score": 0.7964442946704562,
        "mcc": 0.7612886300600633,
        "confusion_matrix": [
            [
                0.961436170212766,
                0.0020685579196217494,
                0.03339243498817967,
                0.0,
                0.0031028368794326243,
                0.0
            ],
            [
                0.5023406553835074,
                0.35289881166726683,
                0.12387468491177529,
                0.0,
                0.020885848037450486,
                0.0
            ],
            [
                0.14717070851165,
                0.00023775558725630053,
                0.8392772230147408,
                0.0,
                0.01331431288635283,
                0.0
            ],
            [
                0.32,
                0.0,
                0.0,
                0.0,
                0.0,
                0.68
            ],
            [
                0.015723270440251572,
                0.0,
                0.29172714078374457,
                0.0,
                0.6925495887760039,
                0.0
            ],
            [
                0.0,
                0.0,
                0.0,
                0.0,
                0.0,
                1.0
            ]
        ],
        "confusion_matrix_labels": [
            "0",
            "1",
            "2",
            "3",
            "4",
            "5"
        ],
        "num_test_samples": 21309,
        "round_end_time": 1772224686.7165215,
        "round_time": 0.14727163314819336
    },
    "2": {
        "fit_time": 316.46191024780273,
        "train_loss": 0.2612834733329529,
        "num_train_samples": 85230,
        "model_param_count": 78574,
        "model_size_bytes": 314296,
        "epochs": 200,
        "batch_size": 64,
        "learning_rate": 0.001,
        "optimizer": "sgd",
        "momentum": 0.9,
        "device": "cpu",
        "round_start_time": 1772224746.4704704,
        "target_labels": [
            "0",
            "1",
            "2",
            "3",
            "4",
            "5"
        ],
        "input_features": 74,
        "output_classes": 6,
        "evaluate_time": 0.14798784255981445,
        "inference_time": 0.14798688888549805,
        "test_loss": 0.270998215314101,
        "accuracy": 0.8637195551175559,
        "precision": 0.8874428769164496,
        "recall": 0.8637195551175559,
        "f1_score": 0.863770682234895,
        "mcc": 0.8304782016308094,
        "confusion_matrix": [
            [
                0.9063238770685579,
                0.01551418439716312,
                0.07816193853427895,
                0.0,
                0.0,
                0.0
            ],
            [
                0.234785740007202,
                0.6906733885487937,
                0.0658984515664386,
                0.0,
                0.008642419877565718,
                0.0
            ],
            [
                0.029006181645268664,
                0.006894912030432715,
                0.9605325725154541,
                0.0,
                0.003566333808844508,
                0.0
            ],
            [
                0.0,
                0.0,
                0.0,
                1.0,
                0.0,
                0.0
            ],
            [
                0.015239477503628448,
                0.0021770682148040637,
                0.28374455732946297,
                0.0,
                0.6988388969521045,
                0.0
            ],
            [
                0.0,
                0.0,
                0.0,
                0.0,
                0.0,
                1.0
            ]
        ],
        "confusion_matrix_labels": [
            "0",
            "1",
            "2",
            "3",
            "4",
            "5"
        ],
        "num_test_samples": 21309,
        "round_end_time": 1772225139.770597,
        "round_time": 0.14798784255981445
    },
    "3": {
        "fit_time": 317.2171628475189,
        "train_loss": 0.2569371833634906,
        "num_train_samples": 85230,
        "model_param_count": 78574,
        "model_size_bytes": 314296,
        "epochs": 200,
        "batch_size": 64,
        "learning_rate": 0.001,
        "optimizer": "sgd",
        "momentum": 0.9,
        "device": "cpu",
        "round_start_time": 1772225246.7290463,
        "target_labels": [
            "0",
            "1",
            "2",
            "3",
            "4",
            "5"
        ],
        "input_features": 74,
        "output_classes": 6,
        "evaluate_time": 0.14407896995544434,
        "inference_time": 0.14407849311828613,
        "test_loss": 0.266127794189407,
        "accuracy": 0.864329625979633,
        "precision": 0.8880335959536547,
        "recall": 0.864329625979633,
        "f1_score": 0.8641728185808726,
        "mcc": 0.8311088074442161,
        "confusion_matrix": [
            [
                0.9111997635933806,
                0.01182033096926714,
                0.07697990543735224,
                0.0,
                0.0,
                0.0
            ],
            [
                0.24414836154123154,
                0.6798703637018365,
                0.0651782499099748,
                0.0,
                0.010803024846957148,
                0.0
            ],
            [
                0.030432715168806468,
                0.004992867332382311,
                0.9591060389919163,
                0.0,
                0.005468378506894912,
                0.0
            ],
            [
                0.0,
                0.0,
                0.0,
                1.0,
                0.0,
                0.0
            ],
            [
                0.015481373971940009,
                0.0009675858732462506,
                0.2808417997097242,
                0.0,
                0.7027092404450895,
                0.0
            ],
            [
                0.0,
                0.0,
                0.0,
                0.0,
                0.0,
                1.0
            ]
        ],
        "confusion_matrix_labels": [
            "0",
            "1",
            "2",
            "3",
            "4",
            "5"
        ],
        "num_test_samples": 21309,
        "round_end_time": 1772225594.3424888,
        "round_time": 0.14407896995544434
    },
    "4": {
        "fit_time": 317.47560691833496,
        "train_loss": 0.2554658811594161,
        "num_train_samples": 85230,
        "model_param_count": 78574,
        "model_size_bytes": 314296,
        "epochs": 200,
        "batch_size": 64,
        "learning_rate": 0.001,
        "optimizer": "sgd",
        "momentum": 0.9,
        "device": "cpu",
        "round_start_time": 1772225613.0154424,
        "target_labels": [
            "0",
            "1",
            "2",
            "3",
            "4",
            "5"
        ],
        "input_features": 74,
        "output_classes": 6,
        "evaluate_time": 0.14560723304748535,
        "inference_time": 0.14560651779174805,
        "test_loss": 0.2684940946150253,