{
    "0": {
        "trees_by_client": 10,
        "aggregation_time": 0.22397089004516602,
        "avg_execution_time": 23.405865645408632
    },
    "1": {
        "trees_by_client": 20,
        "aggregation_time": 0.309906005859375,
        "avg_execution_time": 2.5199023485183716
    },
    "2": {
        "trees_by_client": 30,
        "aggregation_time": 0.441328763961792,
        "avg_execution_time": 3.4079398632049562
    },
    "3": {
        "trees_by_client": 40,
        "aggregation_time": 0.6062097549438477,
        "avg_execution_time": 4.416011333465576
    },
    "4": {
        "trees_by_client": 50,
        "aggregation_time": 0.6346633434295654,
        "avg_execution_time": 5.124251842498779
    },
    "5": {
        "trees_by_client": 60,
        "aggregation_time": 0.7750921249389648,
        "avg_execution_time": 5.863638854026794
    },
    "6": {
        "trees_by_client": 70,
        "aggregation_time": 0.9067597389221191,
        "avg_execution_time": 7.050620222091675
    },
    "7": {
        "trees_by_client": 80,
        "aggregation_time": 1.0099165439605713,
        "avg_execution_time": 7.643231701850891
    },
    "8": {
        "trees_by_client": 90,
        "aggregation_time": 1.3870551586151123,
        "avg_execution_time": 9.05872015953064
    },
    "9": {
        "trees_by_client": 100,
        "aggregation_time": 1.2053611278533936,
        "avg_execution_time": 10.755524897575379
    },
    "10": {
        "trees_by_client": 110,
        "aggregation_time": 1.3628425598144531,
        "avg_execution_time": 10.394812512397767
    },
    "11": {
        "trees_by_client": 120,
        "aggregation_time": 1.4372882843017578,
        "avg_execution_time": 12.661746525764466
    },
    "12": {
        "trees_by_client": 130,
        "aggregation_time": 1.6753458976745605,
        "avg_execution_time": 12.141101670265197
    },
    "13": {
        "trees_by_client": 140,
        "aggregation_time": 1.6669559478759766,
        "avg_execution_time": 12.382185244560242
    },
    "14": {
        "trees_by_client": 150,
        "aggregation_time": 1.9141168594360352,
        "avg_execution_time": 14.628668642044067
    },
    "15": {
        "trees_by_client": 160,
        "aggregation_time": 1.9619472026824951,
        "avg_execution_time": 15.059713649749757
    },
    "16": {
        "trees_by_client": 170,
        "aggregation_time": 2.1427090167999268,
        "avg_execution_time": 16.597509694099426
    },
    "17": {
        "trees_by_client": 180,
        "aggregation_time": 2.2135300636291504,
        "avg_execution_time": 16.995956206321715
    },
    "18": {
        "trees_by_client": 190,
        "aggregation_time": 2.2911579608917236,
        "avg_execution_time": 17.55275297164917
    },
    "19": {
        "trees_by_client": 200,
        "aggregation_time": 2.5781540870666504,
        "avg_execution_time": 18.935926699638365
    },
    "20": {
        "trees_by_client": 210,
        "aggregation_time": 2.1837010383605957,
        "avg_execution_time": 8.864823293685912
    },
    "21": {
        "trees_by_client": 220,
        "aggregation_time": 2.3067386150360107,
        "avg_execution_time": 9.276014590263367
    },
    "22": {
        "trees_by_client": 230,
        "aggregation_time": 2.6009092330932617,
        "avg_execution_time": 9.769678854942322
    },
    "23": {
        "trees_by_client": 240,
        "aggregation_time": 2.5401251316070557,
        "avg_execution_time": 10.29490954875946
    },
    "24": {
        "trees_by_client": 250,
        "aggregation_time": 2.7800371646881104,
        "avg_execution_time": 10.695176720619202
    },
    "25": {
        "trees_by_client": 260,
        "aggregation_time": 2.7934999465942383,
        "avg_execution_time": 11.000473165512085
    },
    "26": {
        "trees_by_client": 270,
        "aggregation_time": 3.0220582485198975,
        "avg_execution_time": 11.899576473236085
    },
    "27": {
        "trees_by_client": 280,
        "aggregation_time": 3.37664794921875,
        "avg_execution_time": 11.836645007133484
    },
    "28": {
        "trees_by_client": 290,
        "aggregation_time": 3.1755905151367188,
        "avg_execution_time": 12.25772204399109
    },
    "29": {
        "trees_by_client": 300,
        "aggregation_time": 3.3184823989868164,
        "avg_execution_time": 12.65195152759552
    },
    "30": {
        "trees_by_client": 310,
        "aggregation_time": 3.417882204055786,
        "avg_execution_time": 13.89647343158722
    },
    "31": {
        "trees_by_client": 320,
        "aggregation_time": 3.550079107284546,
        "avg_execution_time": 14.256955647468567
    },
    "32": {
        "trees_by_client": 330,
        "aggregation_time": 3.7837302684783936,
        "avg_execution_time": 14.570047044754029
    },
    "33": {
        "trees_by_client": 340,
        "aggregation_time": 3.6073684692382812,
        "avg_execution_time": 14.545734286308289
    },
    "34": {
        "trees_by_client": 350,
        "aggregation_time": 3.6850273609161377,
        "avg_execution_time": 14.579060220718384
    },
    "35": {
        "trees_by_client": 360,
        "aggregation_time": 5.040867805480957,
        "avg_execution_time": 17.69930362701416
    },
    "36": {
        "trees_by_client": 370,
        "aggregation_time": 4.1514177322387695,
        "avg_execution_time": 16.62882978916168
    },
    "37": {
        "trees_by_client": 380,
        "aggregation_time": 4.0455241203308105,
        "avg_execution_time": 15.629876613616943
    },
    "38": {
        "trees_by_client": 390,
        "aggregation_time": 6.0697643756866455,
        "avg_execution_time": 20.606009316444396
    },
    "39": {
        "trees_by_client": 400,
        "aggregation_time": 4.555368423461914,
        "avg_execution_time": 18.21280813217163
    }
}