{
    "0": {
        "trees_by_client": 10,
        "aggregation_time": 0.1844782829284668,
        "avg_execution_time": 23.40565993785858
    },
    "1": {
        "trees_by_client": 20,
        "aggregation_time": 0.30266380310058594,
        "avg_execution_time": 2.7771616220474242
    },
    "2": {
        "trees_by_client": 30,
        "aggregation_time": 0.3951115608215332,
        "avg_execution_time": 3.3920302391052246
    },
    "3": {
        "trees_by_client": 40,
        "aggregation_time": 0.4685206413269043,
        "avg_execution_time": 4.944597840309143
    },
    "4": {
        "trees_by_client": 50,
        "aggregation_time": 0.5657219886779785,
        "avg_execution_time": 5.621947240829468
    },
    "5": {
        "trees_by_client": 60,
        "aggregation_time": 0.7297649383544922,
        "avg_execution_time": 5.233117008209229
    },
    "6": {
        "trees_by_client": 70,
        "aggregation_time": 0.8143038749694824,
        "avg_execution_time": 7.787711834907531
    },
    "7": {
        "trees_by_client": 80,
        "aggregation_time": 0.9083104133605957,
        "avg_execution_time": 8.105775618553162
    },
    "8": {
        "trees_by_client": 90,
        "aggregation_time": 1.0224413871765137,
        "avg_execution_time": 8.583085703849793
    },
    "9": {
        "trees_by_client": 100,
        "aggregation_time": 1.1341123580932617,
        "avg_execution_time": 8.447635006904601
    },
    "10": {
        "trees_by_client": 110,
        "aggregation_time": 1.2546660900115967,
        "avg_execution_time": 10.07398886680603
    },
    "11": {
        "trees_by_client": 120,
        "aggregation_time": 1.2944259643554688,
        "avg_execution_time": 9.902771377563477
    },
    "12": {
        "trees_by_client": 130,
        "aggregation_time": 1.4246056079864502,
        "avg_execution_time": 10.164806175231934
    },
    "13": {
        "trees_by_client": 140,
        "aggregation_time": 1.5472540855407715,
        "avg_execution_time": 11.254507732391357
    },
    "14": {
        "trees_by_client": 150,
        "aggregation_time": 1.6670172214508057,
        "avg_execution_time": 12.592397618293763
    },
    "15": {
        "trees_by_client": 160,
        "aggregation_time": 1.7039744853973389,
        "avg_execution_time": 12.941805100440979
    },
    "16": {
        "trees_by_client": 170,
        "aggregation_time": 1.861257791519165,
        "avg_execution_time": 14.151704120635987
    },
    "17": {
        "trees_by_client": 180,
        "aggregation_time": 1.9721696376800537,
        "avg_execution_time": 14.462915802001953
    },
    "18": {
        "trees_by_client": 190,
        "aggregation_time": 2.056161403656006,
        "avg_execution_time": 14.73550922870636
    },
    "19": {
        "trees_by_client": 200,
        "aggregation_time": 2.188467264175415,
        "avg_execution_time": 15.75368709564209
    },
    "20": {
        "trees_by_client": 210,
        "aggregation_time": 2.0010011196136475,
        "avg_execution_time": 7.686932444572449
    },
    "21": {
        "trees_by_client": 220,
        "aggregation_time": 2.163219690322876,
        "avg_execution_time": 10.139960074424744
    },
    "22": {
        "trees_by_client": 230,
        "aggregation_time": 2.2319672107696533,
        "avg_execution_time": 8.72056405544281
    },
    "23": {
        "trees_by_client": 240,
        "aggregation_time": 2.352233648300171,
        "avg_execution_time": 9.331951379776001
    },
    "24": {
        "trees_by_client": 250,
        "aggregation_time": 2.4747204780578613,
        "avg_execution_time": 10.193923926353454
    },
    "25": {
        "trees_by_client": 260,
        "aggregation_time": 2.5223920345306396,
        "avg_execution_time": 10.72862958908081
    },
    "26": {
        "trees_by_client": 270,
        "aggregation_time": 2.5844295024871826,
        "avg_execution_time": 10.623601841926575
    },
    "27": {
        "trees_by_client": 280,
        "aggregation_time": 2.6664886474609375,
        "avg_execution_time": 10.916518235206604
    },
    "28": {
        "trees_by_client": 290,
        "aggregation_time": 2.801412343978882,
        "avg_execution_time": 12.292411017417908
    },
    "29": {
        "trees_by_client": 300,
        "aggregation_time": 2.9151716232299805,
        "avg_execution_time": 15.333329057693481
    },
    "30": {
        "trees_by_client": 310,
        "aggregation_time": 2.9975414276123047,
        "avg_execution_time": 11.490582823753357
    },
    "31": {
        "trees_by_client": 320,
        "aggregation_time": 3.05214786529541,
        "avg_execution_time": 12.036818981170654
    },
    "32": {
        "trees_by_client": 330,
        "aggregation_time": 3.1512553691864014,
        "avg_execution_time": 16.609893202781677
    },
    "33": {
        "trees_by_client": 340,
        "aggregation_time": 3.4036080837249756,
        "avg_execution_time": 12.698253846168518
    },
    "34": {
        "trees_by_client": 350,
        "aggregation_time": 3.3475542068481445,
        "avg_execution_time": 13.228654980659485
    },
    "35": {
        "trees_by_client": 360,
        "aggregation_time": 3.49560546875,
        "avg_execution_time": 13.671036767959595
    },
    "36": {
        "trees_by_client": 370,
        "aggregation_time": 3.554633617401123,
        "avg_execution_time": 13.132296991348266
    },
    "37": {
        "trees_by_client": 380,
        "aggregation_time": 3.675490617752075,
        "avg_execution_time": 14.19307837486267
    },
    "38": {
        "trees_by_client": 390,
        "aggregation_time": 3.7319648265838623,
        "avg_execution_time": 13.841275382041932
    },
    "39": {
        "trees_by_client": 400,
        "aggregation_time": 3.828216075897217,
        "avg_execution_time": 15.79110758304596
    }
}