{
    "0": {
        "trees_by_client": 10,
        "first_server_serialise_trees_size": 8094,
        "fit_time": 0.18798422813415527,
        "client_serialise_trees_size": 912159,
        "final_server_serialise_trees_size": 686953,
        "f1_score": 0.7890964028984557,
        "mcc": 0.5800960205664683,
        "accuracy": 0.8369702719797596,
        "precision": 0.7803076840996693,
        "recall": 0.8001268000892535,
        "confusion_matrix": [
            [
                0.8732127838519764,
                0.12678721614802355
            ],
            [
                0.2729591836734694,
                0.7270408163265306
            ]
        ],
        "confusion_matrix_labels": [
            "<=50K",
            ">50K"
        ],
        "round_time": 46.195587158203125,
        "round_start_time": 1771968666.159064,
        "round_end_time": 1771968712.3546512,
        "evaluate_time": 0.4801347255706787,
        "inference_time": 0.006566286087036133
    },
    "1": {
        "trees_by_client": 20,
        "first_server_serialise_trees_size": 8036,
        "fit_time": 0.35437798500061035,
        "client_serialise_trees_size": 1779500,
        "final_server_serialise_trees_size": 1403424,
        "f1_score": 0.7913802404648169,
        "mcc": 0.5872685604358229,
        "accuracy": 0.8357052498418722,
        "precision": 0.7791190280912756,
        "recall": 0.8089043807178043,
        "confusion_matrix": [
            [
                0.8620689655172413,
                0.13793103448275862
            ],
            [
                0.24426020408163265,
                0.7557397959183674
            ]
        ],
        "confusion_matrix_labels": [
            "<=50K",
            ">50K"
        ],
        "round_time": 2.9552736282348633,
        "round_start_time": 1771968727.5380516,
        "round_end_time": 1771968730.4933252,
        "evaluate_time": 0.3753035068511963,
        "inference_time": 0.005590915679931641
    },
    "2": {
        "trees_by_client": 30,
        "first_server_serialise_trees_size": 15987,
        "fit_time": 0.5343499183654785,
        "client_serialise_trees_size": 2664299,
        "final_server_serialise_trees_size": 2130643,
        "f1_score": 0.7901616821297592,
        "mcc": 0.5851436994414432,
        "accuracy": 0.8344402277039848,
        "precision": 0.7776667206552841,
        "recall": 0.8082770850139888,
        "confusion_matrix": [
            [
                0.8601766190075694,
                0.1398233809924306
            ],
            [
                0.24362244897959184,
                0.7563775510204082
            ]
        ],
        "confusion_matrix_labels": [
            "<=50K",
            ">50K"
        ],
        "round_time": 3.7764875888824463,
        "round_start_time": 1771968745.623143,
        "round_end_time": 1771968749.3996305,
        "evaluate_time": 0.5116500854492188,
        "inference_time": 0.005854606628417969
    },
    "3": {
        "trees_by_client": 40,
        "first_server_serialise_trees_size": 24080,
        "fit_time": 0.700946569442749,
        "client_serialise_trees_size": 3602127,
        "final_server_serialise_trees_size": 2795409,
        "f1_score": 0.7946229084440835,
        "mcc": 0.5945027389778527,
        "accuracy": 0.8376027830487034,
        "precision": 0.7815757679455622,
        "recall": 0.8137996472769091,
        "confusion_matrix": [
            [
                0.8610176619007569,
                0.13898233809924307
            ],
            [
                0.23341836734693877,
                0.7665816326530612
            ]
        ],
        "confusion_matrix_labels": [
            "<=50K",
            ">50K"
        ],
        "round_time": 4.991261959075928,
        "round_start_time": 1771968764.5001159,
        "round_end_time": 1771968769.4913778,
        "evaluate_time": 0.503650426864624,
        "inference_time": 0.007586240768432617
    },
    "4": {
        "trees_by_client": 50,
        "first_server_serialise_trees_size": 32088,
        "fit_time": 0.9198980331420898,
        "client_serialise_trees_size": 4471274,
        "final_server_serialise_trees_size": 3328079,
        "f1_score": 0.7904994990008762,
        "mcc": 0.5854375879895578,
        "accuracy": 0.8350727387729285,
        "precision": 0.7783379799622087,
        "recall": 0.8078426177030946,
        "confusion_matrix": [
            [
                0.8618587047939444,
                0.1381412952060555
            ],
            [
                0.2461734693877551,
                0.7538265306122449
            ]
        ],
        "confusion_matrix_labels": [
            "<=50K",
            ">50K"
        ],
        "round_time": 5.756695508956909,
        "round_start_time": 1771968784.5800855,
        "round_end_time": 1771968790.336781,
        "evaluate_time": 0.519467830657959,
        "inference_time": 0.0064351558685302734
    },
    "5": {
        "trees_by_client": 60,
        "first_server_serialise_trees_size": 40140,
        "fit_time": 1.0765893459320068,
        "client_serialise_trees_size": 5411018,
        "final_server_serialise_trees_size": 4193108,
        "f1_score": 0.7910811015051834,
        "mcc": 0.5878031040748256,
        "accuracy": 0.8344402277039848,
        "precision": 0.7778842886041808,
        "recall": 0.8108420512864524,
        "confusion_matrix": [
            [
                0.8576534903280068,
                0.14234650967199328
            ],
            [
                0.23596938775510204,
                0.764030612244898
            ]
        ],
        "confusion_matrix_labels": [
            "<=50K",
            ">50K"
        ],
        "round_time": 6.598103046417236,
        "round_start_time": 1771968805.4500377,
        "round_end_time": 1771968812.0481408,
        "evaluate_time": 0.59195876121521,
        "inference_time": 0.00545811653137207
    },
    "6": {
        "trees_by_client": 70,
        "first_server_serialise_trees_size": 48199,
        "fit_time": 1.2827816009521484,
        "client_serialise_trees_size": 6277026,
        "final_server_serialise_trees_size": 4980238,
        "f1_score": 0.7945981171787624,
        "mcc": 0.5947988122134429,
        "accuracy": 0.8372865275142315,
        "precision": 0.7812783872032212,
        "recall": 0.8144443753111,
        "confusion_matrix": [
            [
                0.8597560975609756,
                0.1402439024390244
            ],
            [
                0.2308673469387755,
                0.7691326530612245
            ]
        ],
        "confusion_matrix_labels": [
            "<=50K",
            ">50K"
        ],
        "round_time": 7.67132830619812,
        "round_start_time": 1771968827.1271353,
        "round_end_time": 1771968834.7984636,
        "evaluate_time": 0.5906157493591309,
        "inference_time": 0.007116556167602539
    },
    "7": {
        "trees_by_client": 80,
        "first_server_serialise_trees_size": 56011,
        "fit_time": 1.4042515754699707,
        "client_serialise_trees_size": 7098716,
        "final_server_serialise_trees_size": 5469378,
        "f1_score": 0.7949226692688554,
        "mcc": 0.595380822085384,
        "accuracy": 0.8376027830487034,
        "precision": 0.7816407917698036,
        "recall": 0.8146546360343969,
        "confusion_matrix": [
            [
                0.8601766190075694,
                0.1398233809924306
            ],
            [
                0.2308673469387755,
                0.7691326530612245
            ]
        ],
        "confusion_matrix_labels": [
            "<=50K",
            ">50K"
        ],
        "round_time": 8.462505578994751,
        "round_start_time": 1771968849.8819773,
        "round_end_time": 1771968858.344483,
        "evaluate_time": 0.7323117256164551,
        "inference_time": 0.009049415588378906
    },
    "8": {
        "trees_by_client": 90,