{
    "0": {
        "trees_by_client": 10,
        "first_server_serialise_trees_size": 8022,
        "fit_time": 0.17283225059509277,
        "client_serialise_trees_size": 884769,
        "final_server_serialise_trees_size": 705833,
        "f1_score": 0.7913010994718374,
        "mcc": 0.5848200662353237,
        "accuracy": 0.8382352941176471,
        "precision": 0.7818933531101282,
        "recall": 0.8033190620655326,
        "confusion_matrix": [
            [
                0.8725820016820858,
                0.12741799831791423
            ],
            [
                0.2659438775510204,
                0.7340561224489796
            ]
        ],
        "confusion_matrix_labels": [
            "<=50K",
            ">50K"
        ],
        "round_time": 45.824453830718994,
        "round_start_time": 1771607769.9473834,
        "round_end_time": 1771607815.7718372,
        "evaluate_time": 0.28386616706848145,
        "inference_time": 0.002004861831665039
    },
    "1": {
        "trees_by_client": 20,
        "first_server_serialise_trees_size": 8104,
        "fit_time": 0.3053710460662842,
        "client_serialise_trees_size": 1797461,
        "final_server_serialise_trees_size": 1396987,
        "f1_score": 0.7898167535109564,
        "mcc": 0.5828135217487952,
        "accuracy": 0.8358633776091081,
        "precision": 0.7790533242305241,
        "recall": 0.8043070729132695,
        "confusion_matrix": [
            [
                0.8669049621530698,
                0.1330950378469302
            ],
            [
                0.2582908163265306,
                0.7417091836734694
            ]
        ],
        "confusion_matrix_labels": [
            "<=50K",
            ">50K"
        ],
        "round_time": 3.089968681335449,
        "round_start_time": 1771607830.8720276,
        "round_end_time": 1771607833.9619963,
        "evaluate_time": 0.26956844329833984,
        "inference_time": 0.0032470226287841797
    },
    "2": {
        "trees_by_client": 30,
        "first_server_serialise_trees_size": 16054,
        "fit_time": 0.46898984909057617,
        "client_serialise_trees_size": 2674582,
        "final_server_serialise_trees_size": 2069646,
        "f1_score": 0.7949594617044591,
        "mcc": 0.5937776678450156,
        "accuracy": 0.8391840607210627,
        "precision": 0.7832200981256547,
        "recall": 0.8112172486740701,
        "confusion_matrix": [
            [
                0.8666947014297729,
                0.13330529857022708
            ],
            [
                0.24426020408163265,
                0.7557397959183674
            ]
        ],
        "confusion_matrix_labels": [
            "<=50K",
            ">50K"
        ],
        "round_time": 4.051442384719849,
        "round_start_time": 1771607849.0298162,
        "round_end_time": 1771607853.0812585,
        "evaluate_time": 0.22271394729614258,
        "inference_time": 0.003366231918334961
    },
    "3": {
        "trees_by_client": 40,
        "first_server_serialise_trees_size": 24020,
        "fit_time": 0.6221685409545898,
        "client_serialise_trees_size": 3584241,
        "final_server_serialise_trees_size": 2668409,
        "f1_score": 0.7922131228336577,
        "mcc": 0.5898337996831748,
        "accuracy": 0.8355471220746363,
        "precision": 0.7791467559078729,
        "recall": 0.8115779638179914,
        "confusion_matrix": [
            [
                0.8591253153910849,
                0.14087468460891506
            ],
            [
                0.23596938775510204,
                0.764030612244898
            ]
        ],
        "confusion_matrix_labels": [
            "<=50K",
            ">50K"
        ],
        "round_time": 5.084888458251953,
        "round_start_time": 1771607868.1567092,
        "round_end_time": 1771607873.2415977,
        "evaluate_time": 0.35012388229370117,
        "inference_time": 0.004059314727783203
    },
    "4": {
        "trees_by_client": 50,
        "first_server_serialise_trees_size": 32151,
        "fit_time": 0.791597843170166,
        "client_serialise_trees_size": 4452563,
        "final_server_serialise_trees_size": 3367754,
        "f1_score": 0.7920210986242595,
        "mcc": 0.5885867196509057,
        "accuracy": 0.83617963314358,
        "precision": 0.77970077922984,
        "recall": 0.8096472661814936,
        "confusion_matrix": [
            [
                0.8622792262405383,
                0.13772077375946173
            ],
            [
                0.24298469387755103,
                0.7570153061224489
            ]
        ],
        "confusion_matrix_labels": [
            "<=50K",
            ">50K"
        ],
        "round_time": 6.074336528778076,
        "round_start_time": 1771607888.2989404,
        "round_end_time": 1771607894.373277,
        "evaluate_time": 0.3784356117248535,
        "inference_time": 0.004548311233520508
    },
    "5": {
        "trees_by_client": 60,
        "first_server_serialise_trees_size": 40282,
        "fit_time": 0.9405925273895264,
        "client_serialise_trees_size": 5462012,
        "final_server_serialise_trees_size": 4239444,
        "f1_score": 0.7949594617044591,
        "mcc": 0.5937776678450156,
        "accuracy": 0.8391840607210627,
        "precision": 0.7832200981256547,
        "recall": 0.8112172486740701,
        "confusion_matrix": [
            [
                0.8666947014297729,
                0.13330529857022708
            ],
            [
                0.24426020408163265,
                0.7557397959183674
            ]
        ],
        "confusion_matrix_labels": [
            "<=50K",
            ">50K"
        ],
        "round_time": 5.693769931793213,
        "round_start_time": 1771607909.429891,
        "round_end_time": 1771607915.123661,
        "evaluate_time": 0.45287060737609863,
        "inference_time": 0.0058476924896240234
    },
    "6": {
        "trees_by_client": 70,
        "first_server_serialise_trees_size": 48269,
        "fit_time": 1.107407569885254,
        "client_serialise_trees_size": 6346844,
        "final_server_serialise_trees_size": 4997980,
        "f1_score": 0.7960864038471309,
        "mcc": 0.5971388029953532,
        "accuracy": 0.8390259329538267,
        "precision": 0.7832243724796015,
        "recall": 0.814745820531745,
        "confusion_matrix": [
            [
                0.862910008410429,
                0.13708999158957108
            ],
            [
                0.23341836734693877,
                0.7665816326530612
            ]
        ],
        "confusion_matrix_labels": [
            "<=50K",
            ">50K"
        ],
        "round_time": 8.492624521255493,
        "round_start_time": 1771607930.2037196,
        "round_end_time": 1771607938.6963441,
        "evaluate_time": 0.32624268531799316,
        "inference_time": 0.00710296630859375
    },
    "7": {
        "trees_by_client": 80,
        "first_server_serialise_trees_size": 55967,
        "fit_time": 1.2561159133911133,
        "client_serialise_trees_size": 7216926,
        "final_server_serialise_trees_size": 4760272,
        "f1_score": 0.7946348505686356,
        "mcc": 0.5943575829815391,
        "accuracy": 0.8377609108159393,
        "precision": 0.7817277003090448,
        "recall": 0.8134772832598136,
        "confusion_matrix": [
            [
                0.8616484440706476,
                0.1383515559293524
            ],
            [
                0.23469387755102042,
                0.7653061224489796
            ]
        ],
        "confusion_matrix_labels": [
            "<=50K",
            ">50K"
        ],
        "round_time": 8.40480375289917,
        "round_start_time": 1771607953.7627149,
        "round_end_time": 1771607962.1675186,
        "evaluate_time": 0.41200923919677734,
        "inference_time": 0.006899356842041016
    },
    "8": {
        "trees_by_client": 90,