{
    "0": {
        "trees_by_client": 10,
        "aggregation_time": 0.7972261905670166,
        "avg_execution_time": 23.98772578239441
    },
    "1": {
        "trees_by_client": 20,
        "aggregation_time": 0.9891581535339355,
        "avg_execution_time": 3.3720157861709597
    },
    "2": {
        "trees_by_client": 30,
        "aggregation_time": 1.1748042106628418,
        "avg_execution_time": 4.577300357818603
    },
    "3": {
        "trees_by_client": 40,
        "aggregation_time": 1.3591976165771484,
        "avg_execution_time": 5.655661344528198
    },
    "4": {
        "trees_by_client": 50,
        "aggregation_time": 1.5200934410095215,
        "avg_execution_time": 6.662559652328492
    },
    "5": {
        "trees_by_client": 60,
        "aggregation_time": 1.7291719913482666,
        "avg_execution_time": 7.899631595611572
    },
    "6": {
        "trees_by_client": 70,
        "aggregation_time": 1.980639934539795,
        "avg_execution_time": 9.059609246253967
    },
    "7": {
        "trees_by_client": 80,
        "aggregation_time": 2.2127435207366943,
        "avg_execution_time": 10.465992856025697
    },
    "8": {
        "trees_by_client": 90,
        "aggregation_time": 2.3586175441741943,
        "avg_execution_time": 11.611783051490784
    },
    "9": {
        "trees_by_client": 100,
        "aggregation_time": 2.532449960708618,
        "avg_execution_time": 12.228293085098267
    },
    "10": {
        "trees_by_client": 110,
        "aggregation_time": 2.8466405868530273,
        "avg_execution_time": 13.991270470619202
    },
    "11": {
        "trees_by_client": 120,
        "aggregation_time": 2.9873292446136475,
        "avg_execution_time": 14.471311736106873
    },
    "12": {
        "trees_by_client": 130,
        "aggregation_time": 3.1333847045898438,
        "avg_execution_time": 15.937757349014282
    },
    "13": {
        "trees_by_client": 140,
        "aggregation_time": 3.4065184593200684,
        "avg_execution_time": 15.914244461059571
    },
    "14": {
        "trees_by_client": 150,
        "aggregation_time": 3.556969165802002,
        "avg_execution_time": 14.902813649177551
    },
    "15": {
        "trees_by_client": 160,
        "aggregation_time": 3.7545506954193115,
        "avg_execution_time": 19.670088672637938
    },
    "16": {
        "trees_by_client": 170,
        "aggregation_time": 3.9679412841796875,
        "avg_execution_time": 16.213488864898682
    },
    "17": {
        "trees_by_client": 180,
        "aggregation_time": 4.198920011520386,
        "avg_execution_time": 21.805843567848207
    },
    "18": {
        "trees_by_client": 190,
        "aggregation_time": 4.4468674659729,
        "avg_execution_time": 19.692338371276854
    },
    "19": {
        "trees_by_client": 200,
        "aggregation_time": 4.617000102996826,
        "avg_execution_time": 21.367333507537843
    }
}