{
    "1": {
        "fit_time": 0.1246490478515625,
        "train_loss": 1.7121372729354765,
        "num_train_samples": 1288,
        "model_param_count": 78574,
        "model_size_bytes": 314296,
        "epochs": 5,
        "batch_size": 64,
        "learning_rate": 0.001,
        "optimizer": "sgd",
        "momentum": 0.9,
        "device": "cpu",
        "round_start_time": 1772223301.7758224,
        "target_labels": [
            "0",
            "1",
            "2",
            "3",
            "4",
            "5"
        ],
        "input_features": 74,
        "output_classes": 6,
        "evaluate_time": 0.002913951873779297,
        "inference_time": 0.0029134750366210938,
        "test_loss": 1.3683266356637247,
        "accuracy": 0.12374581939799331,
        "precision": 0.9180456894883773,
        "recall": 0.12374581939799331,
        "f1_score": 0.11701915335079502,
        "mcc": 0.12827464798743834,
        "confusion_matrix": [
            [
                0.9230769230769231,
                0.0,
                0.07692307692307693,
                0.0,
                0.0,
                0.0
            ],
            [
                0.5276752767527675,
                0.05904059040590406,
                0.4132841328413284,
                0.0,
                0.0,
                0.0
            ],
            [
                0.2222222222222222,
                0.0,
                0.7777777777777778,
                0.0,
                0.0,
                0.0
            ],
            [
                1.0,
                0.0,
                0.0,
                0.0,
                0.0,
                0.0
            ],
            [
                0.5,
                0.0,
                0.5,
                0.0,
                0.0,
                0.0
            ],
            [
                0.0,
                0.0,
                0.0,
                0.0,
                0.0,
                1.0
            ]
        ],
        "confusion_matrix_labels": [
            "0",
            "1",
            "2",
            "3",
            "4",
            "5"
        ],
        "num_test_samples": 299,
        "round_end_time": 1772223306.2685966,
        "round_time": 0.002913951873779297
    },
    "2": {
        "fit_time": 0.14135527610778809,
        "train_loss": 0.4892364345722317,
        "num_train_samples": 1288,
        "model_param_count": 78574,
        "model_size_bytes": 314296,
        "epochs": 5,
        "batch_size": 64,
        "learning_rate": 0.001,
        "optimizer": "sgd",
        "momentum": 0.9,
        "device": "cpu",
        "round_start_time": 1772223316.1282563,
        "target_labels": [
            "0",
            "1",
            "2",
            "3",
            "4",
            "5"
        ],
        "input_features": 74,
        "output_classes": 6
    }
}