{
    "0": {
        "trees_by_client": 10,
        "aggregation_time": 1.0916223526000977,
        "avg_execution_time": 24.471904826164245
    },
    "1": {
        "trees_by_client": 20,
        "aggregation_time": 1.129279375076294,
        "avg_execution_time": 3.6599971532821653
    },
    "2": {
        "trees_by_client": 30,
        "aggregation_time": 1.1904327869415283,
        "avg_execution_time": 4.593358898162842
    },
    "3": {
        "trees_by_client": 40,
        "aggregation_time": 1.2886028289794922,
        "avg_execution_time": 5.378492617607117
    },
    "4": {
        "trees_by_client": 50,
        "aggregation_time": 1.4448771476745605,
        "avg_execution_time": 5.599028301239014
    },
    "5": {
        "trees_by_client": 60,
        "aggregation_time": 1.5923006534576416,
        "avg_execution_time": 7.760909056663513
    },
    "6": {
        "trees_by_client": 70,
        "aggregation_time": 1.7431640625,
        "avg_execution_time": 7.540223407745361
    },
    "7": {
        "trees_by_client": 80,
        "aggregation_time": 1.7605443000793457,
        "avg_execution_time": 9.632914304733276
    },
    "8": {
        "trees_by_client": 90,
        "aggregation_time": 1.9156520366668701,
        "avg_execution_time": 8.539609956741334
    },
    "9": {
        "trees_by_client": 100,
        "aggregation_time": 2.044025421142578,
        "avg_execution_time": 12.106606101989746
    },
    "10": {
        "trees_by_client": 110,
        "aggregation_time": 2.1229608058929443,
        "avg_execution_time": 13.2986483335495
    },
    "11": {
        "trees_by_client": 120,
        "aggregation_time": 2.239459991455078,
        "avg_execution_time": 13.976465821266174
    },
    "12": {
        "trees_by_client": 130,
        "aggregation_time": 2.3324015140533447,
        "avg_execution_time": 13.629865264892578
    },
    "13": {
        "trees_by_client": 140,
        "aggregation_time": 2.569272756576538,
        "avg_execution_time": 16.157138419151305
    },
    "14": {
        "trees_by_client": 150,
        "aggregation_time": 2.578652858734131,
        "avg_execution_time": 17.49747519493103
    },
    "15": {
        "trees_by_client": 160,
        "aggregation_time": 2.6660468578338623,
        "avg_execution_time": 14.089798617362977
    },
    "16": {
        "trees_by_client": 170,
        "aggregation_time": 2.7866616249084473,
        "avg_execution_time": 16.596054482460023
    },
    "17": {
        "trees_by_client": 180,
        "aggregation_time": 2.914337158203125,
        "avg_execution_time": 16.79093301296234
    },
    "18": {
        "trees_by_client": 190,
        "aggregation_time": 3.0085535049438477,
        "avg_execution_time": 17.001902365684508
    },
    "19": {
        "trees_by_client": 200,
        "aggregation_time": 3.195845127105713,
        "avg_execution_time": 22.986254692077637
    },
    "20": {
        "trees_by_client": 210,
        "aggregation_time": 3.2541253566741943,
        "avg_execution_time": 25.122627592086793
    },
    "21": {
        "trees_by_client": 220,
        "aggregation_time": 3.340475082397461,
        "avg_execution_time": 20.29421463012695
    },
    "22": {
        "trees_by_client": 230,
        "aggregation_time": 3.4215855598449707,
        "avg_execution_time": 26.461754155158996
    },
    "23": {
        "trees_by_client": 240,
        "aggregation_time": 3.5367984771728516,
        "avg_execution_time": 21.48072967529297
    },
    "24": {
        "trees_by_client": 250,
        "aggregation_time": 3.6455414295196533,
        "avg_execution_time": 21.572614479064942
    },
    "25": {
        "trees_by_client": 260,
        "aggregation_time": 3.758894205093384,
        "avg_execution_time": 24.652739310264586
    },
    "26": {
        "trees_by_client": 270,
        "aggregation_time": 3.93770170211792,
        "avg_execution_time": 25.387478637695313
    },
    "27": {
        "trees_by_client": 280,
        "aggregation_time": 3.95959734916687,
        "avg_execution_time": 23.13203649520874
    },
    "28": {
        "trees_by_client": 290,
        "aggregation_time": 4.103554010391235,
        "avg_execution_time": 23.571851706504823
    },
    "29": {
        "trees_by_client": 300,
        "aggregation_time": 4.198012590408325,
        "avg_execution_time": 24.969245982170104
    },
    "30": {
        "trees_by_client": 310,
        "aggregation_time": 4.39112401008606,
        "avg_execution_time": 27.376230478286743
    },
    "31": {
        "trees_by_client": 320,
        "aggregation_time": 4.535525321960449,
        "avg_execution_time": 26.951714754104614
    },
    "32": {
        "trees_by_client": 330,
        "aggregation_time": 4.551079511642456,
        "avg_execution_time": 28.93792245388031
    },
    "33": {
        "trees_by_client": 340,
        "aggregation_time": 4.771582365036011,
        "avg_execution_time": 27.982356786727905
    },
    "34": {
        "trees_by_client": 350,
        "aggregation_time": 4.818157434463501,
        "avg_execution_time": 39.84969062805176
    },
    "35": {
        "trees_by_client": 360,
        "aggregation_time": 4.914623737335205,
        "avg_execution_time": 30.14493136405945
    },
    "36": {
        "trees_by_client": 370,
        "aggregation_time": 4.957174777984619,
        "avg_execution_time": 39.0136595249176
    },
    "37": {
        "trees_by_client": 380,
        "aggregation_time": 5.150346994400024,
        "avg_execution_time": 35.98429391384125
    },
    "38": {
        "trees_by_client": 390,
        "aggregation_time": 5.219935894012451,
        "avg_execution_time": 35.61114230155945
    },
    "39": {
        "trees_by_client": 400,
        "aggregation_time": 5.377542018890381,
        "avg_execution_time": 43.67453007698059
    }
}