{
    "1": {
        "fit_time": 1.462252140045166,
        "train_loss": 2.1793074280351075,
        "num_train_samples": 2912,
        "model_param_count": 7078,
        "model_size_bytes": 28312,
        "epochs": 5,
        "batch_size": 64,
        "learning_rate": 0.001,
        "round_start_time": 1772223207.8994625,
        "target_labels": [
            "0",
            "1",
            "2",
            "3",
            "4",
            "5"
        ],
        "input_features": 74,
        "output_classes": 6,
        "evaluate_time": 0.011315345764160156,
        "inference_time": 0.01131439208984375,
        "test_loss": 0.3252372152572445,
        "accuracy": 0.9351481184947958,
        "precision": 0.9444446986160357,
        "recall": 0.9351481184947958,
        "f1_score": 0.9338058028834705,
        "mcc": 0.9057424469861658,
        "confusion_matrix": [
            [
                0.9968253968253968,
                0.0,
                0.0031746031746031746,
                0.0,
                0.0,
                0.0
            ],
            [
                0.6666666666666666,
                0.0,
                0.3333333333333333,
                0.0,
                0.0,
                0.0
            ],
            [
                0.19946091644204852,
                0.0,
                0.8005390835579514,
                0.0,
                0.0,
                0.0
            ],
            [
                0.25,
                0.0,
                0.0,
                0.75,
                0.0,
                0.0
            ],
            [
                0.25,
                0.0,
                0.25,
                0.0,
                0.5,
                0.0
            ],
            [
                0.0,
                0.0,
                0.0,
                0.0,
                0.0,
                1.0
            ]
        ],
        "confusion_matrix_labels": [
            "0",
            "1",
            "2",
            "3",
            "4",
            "5"
        ],
        "num_test_samples": 1249,
        "round_end_time": 1772223212.4343522,
        "round_time": 0.011315345764160156
    },
    "2": {
        "fit_time": 0.30283117294311523,
        "train_loss": 0.8331209892755026,
        "num_train_samples": 2912,
        "model_param_count": 7078,
        "model_size_bytes": 28312,
        "epochs": 5,
        "batch_size": 64,
        "learning_rate": 0.001,
        "round_start_time": 1772223212.677563,
        "target_labels": [
            "0",
            "1",
            "2",
            "3",
            "4",
            "5"
        ],
        "input_features": 74,
        "output_classes": 6
    },
    "3": {
        "fit_time": 0.28864336013793945,
        "train_loss": 0.7264019876391024,
        "num_train_samples": 2912,
        "model_param_count": 7078,
        "model_size_bytes": 28312,
        "epochs": 5,
        "batch_size": 64,
        "learning_rate": 0.001,
        "round_start_time": 1772223213.4137466,
        "target_labels": [
            "0",
            "1",
            "2",
            "3",
            "4",
            "5"
        ],
        "input_features": 74,
        "output_classes": 6
    },
    "4": {
        "fit_time": 0.39876341819763184,
        "train_loss": 0.6297667427704885,
        "num_train_samples": 2912,
        "model_param_count": 7078,
        "model_size_bytes": 28312,
        "epochs": 5,
        "batch_size": 64,
        "learning_rate": 0.001,
        "round_start_time": 1772223214.4629798,
        "target_labels": [
            "0",
            "1",
            "2",
            "3",
            "4",
            "5"
        ],
        "input_features": 74,
        "output_classes": 6
    },
    "5": {
        "fit_time": 0.3165264129638672,
        "train_loss": 0.6186052875204401,
        "num_train_samples": 2912,
        "model_param_count": 7078,
        "model_size_bytes": 28312,
        "epochs": 5,
        "batch_size": 64,
        "learning_rate": 0.001,
        "round_start_time": 1772223216.6641915,
        "target_labels": [
            "0",
            "1",
            "2",
            "3",
            "4",
            "5"
        ],
        "input_features": 74,
        "output_classes": 6
    },
    "6": {
        "fit_time": 0.29680633544921875,
        "train_loss": 0.641131062203875,
        "num_train_samples": 2912,
        "model_param_count": 7078,
        "model_size_bytes": 28312,
        "epochs": 5,
        "batch_size": 64,
        "learning_rate": 0.001,
        "round_start_time": 1772223218.5577579,
        "target_labels": [
            "0",
            "1",
            "2",
            "3",
            "4",
            "5"
        ],
        "input_features": 74,
        "output_classes": 6,
        "evaluate_time": 0.010162353515625,
        "inference_time": 0.01016092300415039,
        "test_loss": 0.2775350511074066,
        "accuracy": 0.8014411529223379,
        "precision": 0.936179493859638,
        "recall": 0.8014411529223379,
        "f1_score": 0.8226112651590738,
        "mcc": 0.7451104222375702,
        "confusion_matrix": [
            [
                0.9904761904761905,
                0.0,
                0.009523809523809525,
                0.0,
                0.0,
                0.0
            ],
            [
                0.6666666666666666,
                0.0,
                0.3333333333333333,
                0.0,
                0.0,
                0.0
            ],
            [
                0.18867924528301888,
                0.0,
                0.3504043126684636,
                0.0,
                0.4609164420485175,
                0.0
            ],
            [
                0.0,
                0.0,
                0.25,
                0.75,
                0.0,
                0.0
            ],
            [
                0.0,
                0.0,
                0.0,
                0.0,
                1.0,
                0.0
            ],
            [
                0.0,
                0.0,
                0.0,
                0.0,
                0.0,
                1.0
            ]
        ],
        "confusion_matrix_labels": [
            "0",
            "1",
            "2",
            "3",
            "4",
            "5"
        ],
        "num_test_samples": 1249,
        "round_end_time": 1772223219.4563127,
        "round_time": 0.010162353515625
    },
    "8": {
        "fit_time": 0.37640905380249023,
        "train_loss": 0.5182747205125762,
        "num_train_samples": 2912,
        "model_param_count": 7078,
        "model_size_bytes": 28312,
        "epochs": 5,
        "batch_size": 64,
        "learning_rate": 0.001,
        "round_start_time": 1772223227.24563,
        "target_labels": [
            "0",
            "1",
            "2",
            "3",
            "4",
            "5"
        ],
        "input_features": 74,
        "output_classes": 6,
        "evaluate_time": 0.011676788330078125,
        "inference_time": 0.011675596237182617,
        "test_loss": 0.23027567728888615,
        "accuracy": 0.8983186549239391,
        "precision": 0.9705037731154672,
        "recall": 0.8983186549239391,
        "f1_score": 0.9260286321791005,
        "mcc": 0.856419778245721,