{
    "0": {
        "trees_by_client": 10,
        "first_server_serialise_trees_size": 9343,
        "fit_time": 0.14960026741027832,
        "client_serialise_trees_size": 325384,
        "final_server_serialise_trees_size": 876110,
        "f1_score": 0.9698111553917895,
        "mcc": 0.9545380194683162,
        "accuracy": 0.96419185282523,
        "precision": 0.9724865303043723,
        "recall": 0.9688851512623101,
        "confusion_matrix": [
            [
                0.987146529562982,
                0.0,
                0.012853470437017995,
                0.0,
                0.0,
                0.0
            ],
            [
                0.015523932729624839,
                0.9676584734799483,
                0.009055627425614488,
                0.0,
                0.007761966364812419,
                0.0
            ],
            [
                0.024691358024691357,
                0.0016460905349794238,
                0.9736625514403292,
                0.0,
                0.0,
                0.0
            ],
            [
                0.0,
                0.0,
                0.0,
                1.0,
                0.0,
                0.0
            ],
            [
                0.0,
                0.014394580863674851,
                0.10076206604572396,
                0.0,
                0.8848433530906011,
                0.0
            ],
            [
                0.0,
                0.0,
                0.0,
                0.0,
                0.0,
                1.0
            ]
        ],
        "confusion_matrix_labels": [
            "DoS/DDoS",
            "Info_Gathering",
            "Injection",
            "MITM",
            "Malware",
            "Normal"
        ],
        "round_time": 17.183916807174683,
        "round_start_time": 1777041482.6944373,
        "round_end_time": 1777041499.878354,
        "evaluate_time": 0.26464200019836426,
        "inference_time": 0.0039055347442626953
    },
    "1": {
        "trees_by_client": 20,
        "first_server_serialise_trees_size": 18734,
        "fit_time": 0.36167025566101074,
        "client_serialise_trees_size": 690063,
        "final_server_serialise_trees_size": 1866661,
        "f1_score": 0.9691235197963946,
        "mcc": 0.9535172099910553,
        "accuracy": 0.9633705650459922,
        "precision": 0.9718458365665238,
        "recall": 0.9682579705188585,
        "confusion_matrix": [
            [
                0.987146529562982,
                0.0,
                0.012853470437017995,
                0.0,
                0.0,
                0.0
            ],
            [
                0.014230271668822769,
                0.9689521345407504,
                0.009055627425614488,
                0.0,
                0.007761966364812419,
                0.0
            ],
            [
                0.024691358024691357,
                0.0016460905349794238,
                0.9728395061728395,
                0.0,
                0.0008230452674897119,
                0.0
            ],
            [
                0.0,
                0.0,
                0.0,
                1.0,
                0.0,
                0.0
            ],
            [
                0.0,
                0.014394580863674851,
                0.10499576629974598,
                0.0,
                0.8806096528365792,
                0.0
            ],
            [
                0.0,
                0.0,
                0.0,
                0.0,
                0.0,
                1.0
            ]
        ],
        "confusion_matrix_labels": [
            "DoS/DDoS",
            "Info_Gathering",
            "Injection",
            "MITM",
            "Malware",
            "Normal"
        ],
        "round_time": 3.3617022037506104,
        "round_start_time": 1777041515.3601153,
        "round_end_time": 1777041518.7218175,
        "evaluate_time": 0.24052000045776367,
        "inference_time": 0.0069026947021484375
    },
    "2": {
        "trees_by_client": 30,
        "first_server_serialise_trees_size": 28636,
        "fit_time": 0.5681631565093994,
        "client_serialise_trees_size": 1000433,
        "final_server_serialise_trees_size": 2659576,
        "f1_score": 0.968970048182221,
        "mcc": 0.9533220826561205,
        "accuracy": 0.9632063074901446,
        "precision": 0.9718192713235596,
        "recall": 0.9680384112115057,
        "confusion_matrix": [
            [
                0.987146529562982,
                0.0,
                0.012853470437017995,
                0.0,
                0.0,
                0.0
            ],
            [
                0.015523932729624839,
                0.9676584734799483,
                0.009055627425614488,
                0.0,
                0.007761966364812419,
                0.0
            ],
            [
                0.024691358024691357,
                0.0016460905349794238,
                0.9736625514403292,
                0.0,
                0.0,
                0.0
            ],
            [
                0.0,
                0.0,
                0.0,
                1.0,
                0.0,
                0.0
            ],
            [
                0.0,
                0.014394580863674851,
                0.10584250635055038,
                0.0,
                0.8797629127857748,
                0.0
            ],
            [
                0.0,
                0.0,
                0.0,
                0.0,
                0.0,
                1.0
            ]
        ],
        "confusion_matrix_labels": [
            "DoS/DDoS",
            "Info_Gathering",
            "Injection",
            "MITM",
            "Malware",
            "Normal"
        ],
        "round_time": 3.933361768722534,
        "round_start_time": 1777041533.793977,
        "round_end_time": 1777041537.7273388,
        "evaluate_time": 0.26555657386779785,
        "inference_time": 0.009200334548950195
    },
    "3": {
        "trees_by_client": 40,
        "first_server_serialise_trees_size": 37465,
        "fit_time": 0.8598456382751465,
        "client_serialise_trees_size": 1407762,
        "final_server_serialise_trees_size": 3673377,
        "f1_score": 0.9702445171531693,
        "mcc": 0.9551559129450865,
        "accuracy": 0.9646846254927727,
        "precision": 0.9727988081589695,
        "recall": 0.9693830081227119,
        "confusion_matrix": [
            [
                0.987146529562982,
                0.0,
                0.012853470437017995,
                0.0,
                0.0,
                0.0
            ],
            [
                0.014230271668822769,
                0.9689521345407504,
                0.009055627425614488,
                0.0,
                0.007761966364812419,
                0.0
            ],
            [
                0.024691358024691357,
                0.0016460905349794238,
                0.9736625514403292,
                0.0,
                0.0,
                0.0
            ],
            [
                0.0,
                0.0,
                0.0,
                1.0,
                0.0,
                0.0
            ],
            [
                0.0,
                0.014394580863674851,
                0.09906858594411516,
                0.0,
                0.88653683319221,
                0.0
            ],
            [
                0.0,
                0.0,
                0.0,
                0.0,
                0.0,
                1.0
            ]
        ],
        "confusion_matrix_labels": [
            "DoS/DDoS",
            "Info_Gathering",
            "Injection",
            "MITM",
            "Malware",
            "Normal"
        ],
        "round_time": 5.6977314949035645,
        "round_start_time": 1777041552.7971084,
        "round_end_time": 1777041558.49484,