{
    "0": {
        "trees_by_client": 10,
        "aggregation_time": 1.0291790962219238,
        "avg_execution_time": 24.301930284500123
    },
    "1": {
        "trees_by_client": 20,
        "aggregation_time": 1.1395936012268066,
        "avg_execution_time": 3.370133900642395
    },
    "2": {
        "trees_by_client": 30,
        "aggregation_time": 1.272465467453003,
        "avg_execution_time": 3.9059565544128416
    },
    "3": {
        "trees_by_client": 40,
        "aggregation_time": 1.4030663967132568,
        "avg_execution_time": 4.885952425003052
    },
    "4": {
        "trees_by_client": 50,
        "aggregation_time": 1.52455472946167,
        "avg_execution_time": 5.426669001579285
    },
    "5": {
        "trees_by_client": 60,
        "aggregation_time": 1.5655250549316406,
        "avg_execution_time": 6.4200008630752565
    },
    "6": {
        "trees_by_client": 70,
        "aggregation_time": 1.6967220306396484,
        "avg_execution_time": 7.005779528617859
    },
    "7": {
        "trees_by_client": 80,
        "aggregation_time": 1.804697036743164,
        "avg_execution_time": 7.859570479393005
    },
    "8": {
        "trees_by_client": 90,
        "aggregation_time": 1.916374683380127,
        "avg_execution_time": 8.861970019340514
    },
    "9": {
        "trees_by_client": 100,
        "aggregation_time": 1.995086669921875,
        "avg_execution_time": 9.274074816703797
    },
    "10": {
        "trees_by_client": 110,
        "aggregation_time": 2.210920572280884,
        "avg_execution_time": 10.549916195869447
    },
    "11": {
        "trees_by_client": 120,
        "aggregation_time": 2.2550106048583984,
        "avg_execution_time": 11.187501335144043
    },
    "12": {
        "trees_by_client": 130,
        "aggregation_time": 2.3731274604797363,
        "avg_execution_time": 11.740165114402771
    },
    "13": {
        "trees_by_client": 140,
        "aggregation_time": 2.6440558433532715,
        "avg_execution_time": 12.653563523292542
    },
    "14": {
        "trees_by_client": 150,
        "aggregation_time": 2.7660536766052246,
        "avg_execution_time": 13.62894344329834
    },
    "15": {
        "trees_by_client": 160,
        "aggregation_time": 2.8100075721740723,
        "avg_execution_time": 14.314316844940185
    },
    "16": {
        "trees_by_client": 170,
        "aggregation_time": 2.872878074645996,
        "avg_execution_time": 14.96361973285675
    },
    "17": {
        "trees_by_client": 180,
        "aggregation_time": 2.9219067096710205,
        "avg_execution_time": 15.732849812507629
    },
    "18": {
        "trees_by_client": 190,
        "aggregation_time": 3.312544584274292,
        "avg_execution_time": 17.3064594745636
    },
    "19": {
        "trees_by_client": 200,
        "aggregation_time": 3.109912157058716,
        "avg_execution_time": 17.19574167728424
    },
    "20": {
        "trees_by_client": 210,
        "aggregation_time": 3.225986957550049,
        "avg_execution_time": 18.60471169948578
    },
    "21": {
        "trees_by_client": 220,
        "aggregation_time": 3.555586338043213,
        "avg_execution_time": 19.261745381355286
    },
    "22": {
        "trees_by_client": 230,
        "aggregation_time": 3.5922327041625977,
        "avg_execution_time": 19.6320809841156
    },
    "23": {
        "trees_by_client": 240,
        "aggregation_time": 3.7113168239593506,
        "avg_execution_time": 20.663174962997438
    },
    "24": {
        "trees_by_client": 250,
        "aggregation_time": 3.737138271331787,
        "avg_execution_time": 22.215242552757264
    },
    "25": {
        "trees_by_client": 260,
        "aggregation_time": 4.048340559005737,
        "avg_execution_time": 22.353516101837158
    },
    "26": {
        "trees_by_client": 270,
        "aggregation_time": 4.058677673339844,
        "avg_execution_time": 22.70280554294586
    },
    "27": {
        "trees_by_client": 280,
        "aggregation_time": 4.0481274127960205,
        "avg_execution_time": 24.386173939704896
    },
    "28": {
        "trees_by_client": 290,
        "aggregation_time": 4.431540250778198,
        "avg_execution_time": 25.12336449623108
    },
    "29": {
        "trees_by_client": 300,
        "aggregation_time": 4.320997953414917,
        "avg_execution_time": 25.854068946838378
    },
    "30": {
        "trees_by_client": 310,
        "aggregation_time": 4.509199380874634,
        "avg_execution_time": 26.285521459579467
    },
    "31": {
        "trees_by_client": 320,
        "aggregation_time": 4.555545091629028,
        "avg_execution_time": 27.004087615013123
    },
    "32": {
        "trees_by_client": 330,
        "aggregation_time": 4.773685455322266,
        "avg_execution_time": 28.13608317375183
    },
    "33": {
        "trees_by_client": 340,
        "aggregation_time": 4.791080951690674,
        "avg_execution_time": 28.76368932723999
    },
    "34": {
        "trees_by_client": 350,
        "aggregation_time": 4.990962743759155,
        "avg_execution_time": 30.595787286758423
    },
    "35": {
        "trees_by_client": 360,
        "aggregation_time": 5.198341131210327,
        "avg_execution_time": 31.96533935070038
    },
    "36": {
        "trees_by_client": 370,
        "aggregation_time": 5.202417850494385,
        "avg_execution_time": 31.272971439361573
    },
    "37": {
        "trees_by_client": 380,
        "aggregation_time": 5.460265398025513,
        "avg_execution_time": 32.96789543628692
    },
    "38": {
        "trees_by_client": 390,
        "aggregation_time": 5.967499256134033,
        "avg_execution_time": 34.1265013217926
    },
    "39": {
        "trees_by_client": 400,
        "aggregation_time": 5.52405309677124,
        "avg_execution_time": 35.643200278282166
    }
}