{
    "0": {
        "trees_by_client": 10,
        "first_server_serialise_trees_size": 9343,
        "fit_time": 0.135833740234375,
        "client_serialise_trees_size": 337689,
        "final_server_serialise_trees_size": 876110,
        "f1_score": 0.9658969351223208,
        "mcc": 0.947705622801482,
        "accuracy": 0.9587713534822602,
        "precision": 0.968663555835434,
        "recall": 0.9651008991961944,
        "confusion_matrix": [
            [
                0.9844961240310077,
                0.0010335917312661498,
                0.014470284237726097,
                0.0,
                0.0,
                0.0
            ],
            [
                0.018337408312958436,
                0.9645476772616137,
                0.013447432762836185,
                0.0,
                0.003667481662591687,
                0.0
            ],
            [
                0.0325542570951586,
                0.001669449081803005,
                0.9632721202003339,
                0.0,
                0.0025041736227045075,
                0.0
            ],
            [
                0.0,
                0.0,
                0.0,
                1.0,
                0.0,
                0.0
            ],
            [
                0.0,
                0.014802631578947368,
                0.1069078947368421,
                0.0,
                0.8782894736842105,
                0.0
            ],
            [
                0.0,
                0.0,
                0.0,
                0.0,
                0.0,
                1.0
            ]
        ],
        "confusion_matrix_labels": [
            "DoS/DDoS",
            "Info_Gathering",
            "Injection",
            "MITM",
            "Malware",
            "Normal"
        ],
        "round_time": 7.198390007019043,
        "round_start_time": 1777041492.672939,
        "round_end_time": 1777041499.871329,
        "evaluate_time": 0.256514310836792,
        "inference_time": 0.003982067108154297
    },
    "1": {
        "trees_by_client": 20,
        "first_server_serialise_trees_size": 18734,
        "fit_time": 0.36106300354003906,
        "client_serialise_trees_size": 759696,
        "final_server_serialise_trees_size": 1866661,
        "f1_score": 0.9657978713302554,
        "mcc": 0.9475264321818072,
        "accuracy": 0.9586070959264126,
        "precision": 0.9686853951452262,
        "recall": 0.964993296076397,
        "confusion_matrix": [
            [
                0.9855297157622739,
                0.0,
                0.014470284237726097,
                0.0,
                0.0,
                0.0
            ],
            [
                0.017114914425427872,
                0.9669926650366748,
                0.012224938875305624,
                0.0,
                0.003667481662591687,
                0.0
            ],
            [
                0.0333889816360601,
                0.0025041736227045075,
                0.9624373956594324,
                0.0,
                0.001669449081803005,
                0.0
            ],
            [
                0.0,
                0.0,
                0.0,
                1.0,
                0.0,
                0.0
            ],
            [
                0.0,
                0.014802631578947368,
                0.11019736842105263,
                0.0,
                0.875,
                0.0
            ],
            [
                0.0,
                0.0,
                0.0,
                0.0,
                0.0,
                1.0
            ]
        ],
        "confusion_matrix_labels": [
            "DoS/DDoS",
            "Info_Gathering",
            "Injection",
            "MITM",
            "Malware",
            "Normal"
        ],
        "round_time": 3.3192403316497803,
        "round_start_time": 1777041515.4100423,
        "round_end_time": 1777041518.7292826,
        "evaluate_time": 0.2554616928100586,
        "inference_time": 0.006567478179931641
    },
    "2": {
        "trees_by_client": 30,
        "first_server_serialise_trees_size": 28636,
        "fit_time": 0.5588865280151367,
        "client_serialise_trees_size": 1080491,
        "final_server_serialise_trees_size": 2659576,
        "f1_score": 0.9657054094073206,
        "mcc": 0.9473187046726018,
        "accuracy": 0.9584428383705651,
        "precision": 0.9686603151519924,
        "recall": 0.9648404758543784,
        "confusion_matrix": [
            [
                0.9850129198966409,
                0.0,
                0.014987080103359173,
                0.0,
                0.0,
                0.0
            ],
            [
                0.017114914425427872,
                0.9657701711491442,
                0.013447432762836185,
                0.0,
                0.003667481662591687,
                0.0
            ],
            [
                0.0333889816360601,
                0.0025041736227045075,
                0.9624373956594324,
                0.0,
                0.001669449081803005,
                0.0
            ],
            [
                0.0,
                0.0,
                0.0,
                1.0,
                0.0,
                0.0
            ],
            [
                0.0,
                0.013980263157894737,
                0.11019736842105263,
                0.0,
                0.8758223684210527,
                0.0
            ],
            [
                0.0,
                0.0,
                0.0,
                0.0,
                0.0,
                1.0
            ]
        ],
        "confusion_matrix_labels": [
            "DoS/DDoS",
            "Info_Gathering",
            "Injection",
            "MITM",
            "Malware",
            "Normal"
        ],
        "round_time": 4.701737403869629,
        "round_start_time": 1777041533.790453,
        "round_end_time": 1777041538.4921904,
        "evaluate_time": 0.25061702728271484,
        "inference_time": 0.008252620697021484
    },
    "3": {
        "trees_by_client": 40,
        "first_server_serialise_trees_size": 37465,
        "fit_time": 0.7776892185211182,
        "client_serialise_trees_size": 1460935,
        "final_server_serialise_trees_size": 3673377,
        "f1_score": 0.9661006891418672,
        "mcc": 0.9478995824408408,
        "accuracy": 0.9589356110381078,
        "precision": 0.9688202148979443,
        "recall": 0.9653005294708331,
        "confusion_matrix": [
            [
                0.9844961240310077,
                0.0005167958656330749,
                0.014987080103359173,
                0.0,
                0.0,
                0.0
            ],
            [
                0.018337408312958436,
                0.9657701711491442,
                0.013447432762836185,
                0.0,
                0.0024449877750611247,
                0.0
            ],
            [
                0.0333889816360601,
                0.0025041736227045075,
                0.9616026711185309,
                0.0,
                0.0025041736227045075,
                0.0
            ],
            [
                0.0,
                0.0,
                0.0,
                1.0,
                0.0,
                0.0
            ],
            [
                0.0,
                0.014802631578947368,
                0.10526315789473684,
                0.0,
                0.8799342105263158,
                0.0
            ],
            [
                0.0,
                0.0,
                0.0,
                0.0,
                0.0,
                1.0
            ]
        ],
        "confusion_matrix_labels": [
            "DoS/DDoS",
            "Info_Gathering",
            "Injection",
            "MITM",
            "Malware",
            "Normal"
        ],
        "round_time": 4.196885824203491,
        "round_start_time": 1777041553.5420084,