{
    "1": {
        "fit_time": 0.7990541458129883,
        "train_loss": 1.195493817208382,
        "num_train_samples": 8668,
        "model_param_count": 78574,
        "model_size_bytes": 314296,
        "epochs": 5,
        "batch_size": 64,
        "learning_rate": 0.001,
        "optimizer": "sgd",
        "momentum": 0.9,
        "device": "cpu",
        "round_start_time": 1772223304.1750486,
        "target_labels": [
            "0",
            "1",
            "2",
            "3",
            "4",
            "5"
        ],
        "input_features": 74,
        "output_classes": 6,
        "evaluate_time": 0.014297008514404297,
        "inference_time": 0.01429605484008789,
        "test_loss": 0.62120500879903,
        "accuracy": 0.8185483870967742,
        "precision": 0.8832751045234487,
        "recall": 0.8185483870967742,
        "f1_score": 0.8276705695534445,
        "mcc": 0.5937912876533452,
        "confusion_matrix": [
            [
                0.9609375,
                0.0,
                0.0390625,
                0.0,
                0.0,
                0.0
            ],
            [
                0.5,
                0.05263157894736842,
                0.4473684210526316,
                0.0,
                0.0,
                0.0
            ],
            [
                0.14472537053182213,
                0.0008718395815170009,
                0.8544027898866609,
                0.0,
                0.0,
                0.0
            ],
            [
                1.0,
                0.0,
                0.0,
                0.0,
                0.0,
                0.0
            ],
            [
                0.05128205128205128,
                0.0,
                0.3333333333333333,
                0.0,
                0.6153846153846154,
                0.0
            ],
            [
                0.0,
                0.0,
                0.0,
                0.0,
                0.0,
                1.0
            ]
        ],
        "confusion_matrix_labels": [
            "0",
            "1",
            "2",
            "3",
            "4",
            "5"
        ],
        "num_test_samples": 1488,
        "round_end_time": 1772223305.0769126,
        "round_time": 0.014297008514404297
    }
}