{
    "1": {
        "fit_time": 0.09508299827575684,
        "train_loss": 4.479919399573407,
        "num_train_samples": 1187,
        "model_param_count": 7078,
        "model_size_bytes": 28312,
        "epochs": 5,
        "batch_size": 64,
        "learning_rate": 0.001,
        "round_start_time": 1772223209.979394,
        "target_labels": [
            "0",
            "1",
            "2",
            "3",
            "4",
            "5"
        ],
        "input_features": 74,
        "output_classes": 6,
        "evaluate_time": 0.005881309509277344,
        "inference_time": 0.005881071090698242,
        "test_loss": 0.22377511737475056,
        "accuracy": 0.9097525473071325,
        "precision": 0.9588106537734212,
        "recall": 0.9097525473071325,
        "f1_score": 0.9267746925453612,
        "mcc": 0.5976734523301149,
        "confusion_matrix": [
            [
                0.9208860759493671,
                0.0,
                0.07911392405063292,
                0.0,
                0.0,
                0.0
            ],
            [
                0.0,
                0.0,
                1.0,
                0.0,
                0.0,
                0.0
            ],
            [
                0.17857142857142858,
                0.0,
                0.8214285714285714,
                0.0,
                0.0,
                0.0
            ],
            [
                0.5,
                0.0,
                0.0,
                0.5,
                0.0,
                0.0
            ],
            [
                0.0,
                0.0,
                0.5,
                0.0,
                0.5,
                0.0
            ],
            [
                0.0,
                0.0,
                0.0,
                0.0,
                0.0,
                1.0
            ]
        ],
        "confusion_matrix_labels": [
            "0",
            "1",
            "2",
            "3",
            "4",
            "5"
        ],
        "num_test_samples": 687,
        "round_end_time": 1772223212.3931198,
        "round_time": 0.005881309509277344
    },
    "3": {
        "evaluate_time": 0.0046002864837646484,
        "inference_time": 0.004599809646606445,
        "test_loss": 0.11431072745607757,
        "accuracy": 0.9534206695778749,
        "precision": 0.9566779113806161,
        "recall": 0.9534206695778749,
        "f1_score": 0.948351178387252,
        "mcc": 0.6952433926660928,
        "confusion_matrix": [
            [
                0.990506329113924,
                0.0031645569620253164,
                0.006329113924050633,
                0.0,
                0.0,
                0.0
            ],
            [
                0.0,
                1.0,
                0.0,
                0.0,
                0.0,
                0.0
            ],
            [
                0.21428571428571427,
                0.07142857142857142,
                0.10714285714285714,
                0.0,
                0.6071428571428571,
                0.0
            ],
            [
                0.5,
                0.0,
                0.0,
                0.5,
                0.0,
                0.0
            ],
            [
                0.0,
                0.0,
                0.0,
                0.0,
                1.0,
                0.0
            ],
            [
                0.0,
                0.0,
                0.0,
                0.0,
                0.0,
                1.0
            ]
        ],
        "confusion_matrix_labels": [
            "0",
            "1",
            "2",
            "3",
            "4",
            "5"
        ],
        "num_test_samples": 687,
        "round_end_time": 1772223214.2558095,
        "round_time": 0.0046002864837646484
    },
    "9": {
        "evaluate_time": 0.007455110549926758,
        "inference_time": 0.0074541568756103516,
        "test_loss": 0.38026357291393753,
        "accuracy": 0.8165938864628821,
        "precision": 0.9545205844564759,
        "recall": 0.8165938864628821,
        "f1_score": 0.8709005161571955,
        "mcc": 0.446381576600086,
        "confusion_matrix": [
            [
                0.8275316455696202,
                0.0,
                0.1360759493670886,
                0.0,
                0.03639240506329114,
                0.0
            ],
            [
                0.0,
                0.5,
                0.5,
                0.0,
                0.0,
                0.0
            ],
            [
                0.0,
                0.0,
                0.42857142857142855,
                0.0,
                0.5714285714285714,
                0.0
            ],
            [
                0.0,
                0.0,
                0.0,
                1.0,
                0.0,
                0.0
            ],
            [
                0.0,
                0.0,
                0.0,
                0.0,
                1.0,
                0.0
            ],
            [
                0.0,
                0.0,
                0.0,
                0.0,
                0.0,
                1.0
            ]
        ],
        "confusion_matrix_labels": [
            "0",
            "1",
            "2",
            "3",
            "4",
            "5"
        ],
        "num_test_samples": 687,
        "round_end_time": 1772223229.1583734,
        "round_time": 0.007455110549926758
    },
    "10": {
        "evaluate_time": 0.011822938919067383,
        "inference_time": 0.011820793151855469,
        "test_loss": 0.40339775819445284,
        "accuracy": 0.8195050946142649,
        "precision": 0.9535921769101814,
        "recall": 0.8195050946142649,
        "f1_score": 0.870430537717004,
        "mcc": 0.4665539814891891,
        "confusion_matrix": [
            [
                0.8243670886075949,
                0.0015822784810126582,
                0.1360759493670886,
                0.0,
                0.0379746835443038,
                0.0
            ],
            [
                0.0,
                0.0,
                1.0,
                0.0,
                0.0,
                0.0
            ],
            [
                0.0,
                0.0,
                0.75,
                0.0,
                0.25,
                0.0
            ],
            [
                0.0,
                0.0,
                0.0,
                1.0,
                0.0,
                0.0
            ],
            [
                0.0,
                0.0,
                0.5,
                0.0,
                0.5,
                0.0
            ],
            [
                0.0,
                0.0,
                0.0,
                0.0,
                0.0,
                1.0
            ]
        ],
        "confusion_matrix_labels": [
            "0",
            "1",
            "2",
            "3",
            "4",
            "5"
        ],
        "num_test_samples": 687,
        "round_end_time": 1772223231.339571,
        "round_time": 0.011822938919067383
    },
    "12": {
        "fit_time": 0.13466930389404297,
        "train_loss": 0.9831241503979292,
        "num_train_samples": 1187,
        "model_param_count": 7078,
        "model_size_bytes": 28312,
        "epochs": 5,
        "batch_size": 64,
        "learning_rate": 0.001,
        "round_start_time": 1772223241.6604679,
        "target_labels": [
            "0",
            "1",
            "2",
            "3",
            "4",
            "5"
        ],
        "input_features": 74,
        "output_classes": 6,
        "evaluate_time": 0.005496978759765625,
        "inference_time": 0.005496501922607422,
        "test_loss": 0.1136587813084476,
        "accuracy": 0.9665211062590975,
        "precision": 0.9543873631589598,
        "recall": 0.9665211062590975,
        "f1_score": 0.9598514888380872,