{
    "0": {
        "trees_by_client": 10,
        "aggregation_time": 1.0195138454437256,
        "avg_execution_time": 24.185975074768066
    },
    "1": {
        "trees_by_client": 20,
        "aggregation_time": 0.9563262462615967,
        "avg_execution_time": 4.729990434646607
    },
    "2": {
        "trees_by_client": 30,
        "aggregation_time": 1.0239131450653076,
        "avg_execution_time": 6.976250243186951
    },
    "3": {
        "trees_by_client": 40,
        "aggregation_time": 1.123734712600708,
        "avg_execution_time": 8.942391300201416
    },
    "4": {
        "trees_by_client": 50,
        "aggregation_time": 1.2954633235931396,
        "avg_execution_time": 9.53574733734131
    },
    "5": {
        "trees_by_client": 60,
        "aggregation_time": 1.3179810047149658,
        "avg_execution_time": 11.012473535537719
    },
    "6": {
        "trees_by_client": 70,
        "aggregation_time": 1.4882559776306152,
        "avg_execution_time": 14.116165828704833
    },
    "7": {
        "trees_by_client": 80,
        "aggregation_time": 1.647909164428711,
        "avg_execution_time": 14.3874662399292
    },
    "8": {
        "trees_by_client": 90,
        "aggregation_time": 1.6322686672210693,
        "avg_execution_time": 15.192189359664917
    },
    "9": {
        "trees_by_client": 100,
        "aggregation_time": 1.849743366241455,
        "avg_execution_time": 18.980594992637634
    },
    "10": {
        "trees_by_client": 110,
        "aggregation_time": 1.784801959991455,
        "avg_execution_time": 8.60416874885559
    },
    "11": {
        "trees_by_client": 120,
        "aggregation_time": 1.8252475261688232,
        "avg_execution_time": 8.807501530647277
    },
    "12": {
        "trees_by_client": 130,
        "aggregation_time": 2.033285140991211,
        "avg_execution_time": 6.6441617727279665
    },
    "13": {
        "trees_by_client": 140,
        "aggregation_time": 2.2672953605651855,
        "avg_execution_time": 9.261412835121154
    },
    "14": {
        "trees_by_client": 150,
        "aggregation_time": 2.238384485244751,
        "avg_execution_time": 11.533484411239623
    },
    "15": {
        "trees_by_client": 160,
        "aggregation_time": 2.3305091857910156,
        "avg_execution_time": 12.222241377830505
    },
    "16": {
        "trees_by_client": 170,
        "aggregation_time": 2.384131669998169,
        "avg_execution_time": 12.620725846290588
    },
    "17": {
        "trees_by_client": 180,
        "aggregation_time": 2.4168930053710938,
        "avg_execution_time": 13.169063067436218
    },
    "18": {
        "trees_by_client": 190,
        "aggregation_time": 2.515613079071045,
        "avg_execution_time": 14.427678966522217
    },
    "19": {
        "trees_by_client": 200,
        "aggregation_time": 2.618703603744507,
        "avg_execution_time": 13.447690892219544
    },
    "20": {
        "trees_by_client": 210,
        "aggregation_time": 2.7868082523345947,
        "avg_execution_time": 15.476454281806946
    },
    "21": {
        "trees_by_client": 220,
        "aggregation_time": 2.8383424282073975,
        "avg_execution_time": 11.244508171081543
    },
    "22": {
        "trees_by_client": 230,
        "aggregation_time": 2.9460086822509766,
        "avg_execution_time": 16.83574824333191
    },
    "23": {
        "trees_by_client": 240,
        "aggregation_time": 3.2018914222717285,
        "avg_execution_time": 17.347675228118895
    },
    "24": {
        "trees_by_client": 250,
        "aggregation_time": 3.0315868854522705,
        "avg_execution_time": 18.19778928756714
    },
    "25": {
        "trees_by_client": 260,
        "aggregation_time": 3.2403857707977295,
        "avg_execution_time": 14.377286005020142
    },
    "26": {
        "trees_by_client": 270,
        "aggregation_time": 3.519026517868042,
        "avg_execution_time": 14.06748960018158
    },
    "27": {
        "trees_by_client": 280,
        "aggregation_time": 3.4563851356506348,
        "avg_execution_time": 20.396778082847597
    },
    "28": {
        "trees_by_client": 290,
        "aggregation_time": 3.5263848304748535,
        "avg_execution_time": 14.280309534072876
    },
    "29": {
        "trees_by_client": 300,
        "aggregation_time": 3.6363906860351562,
        "avg_execution_time": 17.06778585910797
    },
    "30": {
        "trees_by_client": 310,
        "aggregation_time": 3.819901466369629,
        "avg_execution_time": 15.254602098464966
    },
    "31": {
        "trees_by_client": 320,
        "aggregation_time": 3.7974729537963867,
        "avg_execution_time": 15.873403763771057
    },
    "32": {
        "trees_by_client": 330,
        "aggregation_time": 3.840097427368164,
        "avg_execution_time": 15.147001647949219
    },
    "33": {
        "trees_by_client": 340,
        "aggregation_time": 4.128998756408691,
        "avg_execution_time": 15.438160681724549
    },
    "34": {
        "trees_by_client": 350,
        "aggregation_time": 4.293998718261719,
        "avg_execution_time": 16.149778890609742
    },
    "35": {
        "trees_by_client": 360,
        "aggregation_time": 4.337027311325073,
        "avg_execution_time": 18.66374065876007
    },
    "36": {
        "trees_by_client": 370,
        "aggregation_time": 4.241510629653931,
        "avg_execution_time": 19.815015935897826
    },
    "37": {
        "trees_by_client": 380,
        "aggregation_time": 4.46863317489624,
        "avg_execution_time": 21.521184182167055
    },
    "38": {
        "trees_by_client": 390,
        "aggregation_time": 4.6880011558532715,
        "avg_execution_time": 20.363653326034544
    },
    "39": {
        "trees_by_client": 400,
        "aggregation_time": 5.144349098205566,
        "avg_execution_time": 19.82776823043823
    }
}