{
    "1": {
        "fit_time": 2.0315346717834473,
        "train_loss": 1.5271858664659352,
        "num_train_samples": 2912,
        "model_param_count": 78574,
        "model_size_bytes": 314296,
        "epochs": 2,
        "batch_size": 32,
        "learning_rate": 0.001,
        "optimizer": "sgd",
        "momentum": 0.9,
        "device": "cpu",
        "round_start_time": 1772224043.8122723,
        "target_labels": [
            "0",
            "1",
            "2",
            "3",
            "4",
            "5"
        ],
        "input_features": 74,
        "output_classes": 6,
        "evaluate_time": 0.024663686752319336,
        "inference_time": 0.024662494659423828,
        "test_loss": 0.2785726811310308,
        "accuracy": 0.9271417133706965,
        "precision": 0.9646000102899289,
        "recall": 0.9271417133706965,
        "f1_score": 0.9431320340522186,
        "mcc": 0.8922200456117986,
        "confusion_matrix": [
            [
                0.8222222222222222,
                0.09206349206349207,
                0.08253968253968254,
                0.0,
                0.0031746031746031746,
                0.0
            ],
            [
                0.3333333333333333,
                0.3333333333333333,
                0.0,
                0.0,
                0.3333333333333333,
                0.0
            ],
            [
                0.013477088948787063,
                0.04582210242587601,
                0.921832884097035,
                0.0,
                0.018867924528301886,
                0.0
            ],
            [
                0.0,
                0.0,
                0.25,
                0.0,
                0.75,
                0.0
            ],
            [
                0.0,
                0.0,
                0.0,
                0.0,
                1.0,
                0.0
            ],
            [
                0.0,
                0.0,
                0.0,
                0.0,
                0.0,
                1.0
            ]
        ],
        "confusion_matrix_labels": [
            "0",
            "1",
            "2",
            "3",
            "4",
            "5"
        ],
        "num_test_samples": 1249,
        "round_end_time": 1772224058.0127413,
        "round_time": 0.024663686752319336
    }
}