{
    "0": {
        "trees_by_client": 10,
        "first_server_serialise_trees_size": 9343,
        "fit_time": 0.14800119400024414,
        "client_serialise_trees_size": 340132,
        "final_server_serialise_trees_size": 876110,
        "f1_score": 0.9707243018702784,
        "mcc": 0.9561150446235895,
        "accuracy": 0.9653416557161629,
        "precision": 0.9727812386832454,
        "recall": 0.9701872828979137,
        "confusion_matrix": [
            [
                0.9857969489742241,
                0.0,
                0.014203051025775907,
                0.0,
                0.0,
                0.0
            ],
            [
                0.0129366106080207,
                0.9689521345407504,
                0.009055627425614488,
                0.0,
                0.009055627425614488,
                0.0
            ],
            [
                0.02527379949452401,
                0.0008424599831508003,
                0.9730412805391744,
                0.0,
                0.0008424599831508003,
                0.0
            ],
            [
                0.0,
                0.0,
                0.0,
                1.0,
                0.0,
                0.0
            ],
            [
                0.0,
                0.014166666666666666,
                0.0925,
                0.0,
                0.8933333333333333,
                0.0
            ],
            [
                0.0,
                0.0,
                0.0,
                0.0,
                0.0,
                1.0
            ]
        ],
        "confusion_matrix_labels": [
            "DoS/DDoS",
            "Info_Gathering",
            "Injection",
            "MITM",
            "Malware",
            "Normal"
        ],
        "round_time": 22.24752688407898,
        "round_start_time": 1777041477.6361635,
        "round_end_time": 1777041499.8836904,
        "evaluate_time": 0.2615084648132324,
        "inference_time": 0.004019260406494141
    },
    "1": {
        "trees_by_client": 20,
        "first_server_serialise_trees_size": 18734,
        "fit_time": 0.3736705780029297,
        "client_serialise_trees_size": 727624,
        "final_server_serialise_trees_size": 1866661,
        "f1_score": 0.9699253519720764,
        "mcc": 0.9548670506907203,
        "accuracy": 0.9643561103810775,
        "precision": 0.9719218436151752,
        "recall": 0.9694788443702947,
        "confusion_matrix": [
            [
                0.9852709100473435,
                0.0005260389268805891,
                0.014203051025775907,
                0.0,
                0.0,
                0.0
            ],
            [
                0.01164294954721863,
                0.9702457956015524,
                0.009055627425614488,
                0.0,
                0.009055627425614488,
                0.0
            ],
            [
                0.02527379949452401,
                0.0,
                0.9713563605728728,
                0.0,
                0.003369839932603201,
                0.0
            ],
            [
                0.0,
                0.0,
                0.0,
                1.0,
                0.0,
                0.0
            ],
            [
                0.0,
                0.014166666666666666,
                0.09583333333333334,
                0.0,
                0.89,
                0.0
            ],
            [
                0.0,
                0.0,
                0.0,
                0.0,
                0.0,
                1.0
            ]
        ],
        "confusion_matrix_labels": [
            "DoS/DDoS",
            "Info_Gathering",
            "Injection",
            "MITM",
            "Malware",
            "Normal"
        ],
        "round_time": 3.3649816513061523,
        "round_start_time": 1777041515.3755486,
        "round_end_time": 1777041518.7405303,
        "evaluate_time": 0.25492072105407715,
        "inference_time": 0.009409666061401367
    },
    "2": {
        "trees_by_client": 30,
        "first_server_serialise_trees_size": 28636,
        "fit_time": 0.5430335998535156,
        "client_serialise_trees_size": 1052979,
        "final_server_serialise_trees_size": 2659576,
        "f1_score": 0.9694840295025987,
        "mcc": 0.9542904152005804,
        "accuracy": 0.9638633377135348,
        "precision": 0.9715512121417963,
        "recall": 0.9691404200998425,
        "confusion_matrix": [
            [
                0.9852709100473435,
                0.0005260389268805891,
                0.014203051025775907,
                0.0,
                0.0,
                0.0
            ],
            [
                0.01034928848641656,
                0.9715394566623544,
                0.009055627425614488,
                0.0,
                0.009055627425614488,
                0.0
            ],
            [
                0.02527379949452401,
                0.0008424599831508003,
                0.9721988205560236,
                0.0,
                0.0016849199663016006,
                0.0
            ],
            [
                0.0,
                0.0,
                0.0,
                1.0,
                0.0,
                0.0
            ],
            [
                0.0,
                0.014166666666666666,
                0.1,
                0.0,
                0.8858333333333334,
                0.0
            ],
            [
                0.0,
                0.0,
                0.0,
                0.0,
                0.0,
                1.0
            ]
        ],
        "confusion_matrix_labels": [
            "DoS/DDoS",
            "Info_Gathering",
            "Injection",
            "MITM",
            "Malware",
            "Normal"
        ],
        "round_time": 3.934504985809326,
        "round_start_time": 1777041533.7906394,
        "round_end_time": 1777041537.7251444,
        "evaluate_time": 0.27625060081481934,
        "inference_time": 0.00911712646484375
    },
    "3": {
        "trees_by_client": 40,
        "first_server_serialise_trees_size": 37465,
        "fit_time": 0.8364856243133545,
        "client_serialise_trees_size": 1426159,
        "final_server_serialise_trees_size": 3673377,
        "f1_score": 0.9717587333229266,
        "mcc": 0.9575702058702837,
        "accuracy": 0.966491458607096,
        "precision": 0.9736026523583944,
        "recall": 0.9713672056469734,
        "confusion_matrix": [
            [
                0.9852709100473435,
                0.0005260389268805891,
                0.014203051025775907,
                0.0,
                0.0,
                0.0
            ],
            [
                0.01034928848641656,
                0.9715394566623544,
                0.009055627425614488,
                0.0,
                0.009055627425614488,
                0.0
            ],
            [
                0.02527379949452401,
                0.0,
                0.974726200505476,
                0.0,
                0.0,
                0.0
            ],
            [
                0.0,
                0.0,
                0.0,
                1.0,
                0.0,
                0.0
            ],
            [
                0.0,
                0.014166666666666666,
                0.08916666666666667,
                0.0,
                0.8966666666666666,
                0.0
            ],
            [
                0.0,
                0.0,
                0.0,
                0.0,
                0.0,
                1.0
            ]
        ],
        "confusion_matrix_labels": [
            "DoS/DDoS",
            "Info_Gathering",
            "Injection",
            "MITM",
            "Malware",
            "Normal"
        ],
        "round_time": 4.952194452285767,
        "round_start_time": 1777041552.7890875,
        "round_end_time": 1777041557.741282,