{
    "4": {
        "evaluate_time": 0.11806964874267578,
        "inference_time": 0.11806893348693848,
        "test_loss": 0.7892872913444645,
        "accuracy": 0.7043502745318879,
        "precision": 0.7587503649156657,
        "recall": 0.7043502745318879,
        "f1_score": 0.6542929301490327,
        "mcc": 0.634030766883295,
        "confusion_matrix": [
            [
                0.8537234042553191,
                0.0,
                0.08687943262411348,
                0.0,
                0.05939716312056738,
                0.0
            ],
            [
                0.33813467770975875,
                0.0010803024846957148,
                0.4828952106589845,
                0.0,
                0.17788980914656105,
                0.0
            ],
            [
                0.028530670470756064,
                0.0,
                0.4077508321445554,
                0.0,
                0.5637184973846885,
                0.0
            ],
            [
                0.0,
                0.0,
                0.0,
                0.88,
                0.12,
                0.0
            ],
            [
                0.0070149975810353165,
                0.0,
                0.0024189646831156266,
                0.0,
                0.9905660377358491,
                0.0
            ],
            [
                0.0,
                0.0,
                0.0,
                0.0,
                0.0,
                1.0
            ]
        ],
        "confusion_matrix_labels": [
            "0",
            "1",
            "2",
            "3",
            "4",
            "5"
        ],
        "num_test_samples": 21309,
        "round_end_time": 1772223216.5938804,
        "round_time": 0.11806964874267578
    },
    "5": {
        "evaluate_time": 0.12457895278930664,
        "inference_time": 0.12457776069641113,
        "test_loss": 0.7625002786506654,
        "accuracy": 0.7650288610446291,
        "precision": 0.829213280275119,
        "recall": 0.7650288610446291,
        "f1_score": 0.718657215935163,
        "mcc": 0.7133769195507661,
        "confusion_matrix": [
            [
                0.8797281323877069,
                0.0,
                0.10209810874704492,
                0.0,
                0.018173758865248225,
                0.0
            ],
            [
                0.45084623694634496,
                0.00036010082823190496,
                0.48541591645660787,
                0.0,
                0.06337774576881527,
                0.0
            ],
            [
                0.019733713742272944,
                0.0,
                0.963623395149786,
                0.0,
                0.016642891107941038,
                0.0
            ],
            [
                0.0,
                0.0,
                0.0,
                0.88,
                0.12,
                0.0
            ],
            [
                0.020319303338171262,
                0.0,
                0.28398645379777454,
                0.0,
                0.6956942428640542,
                0.0
            ],
            [
                0.0,
                0.0,
                0.0,
                0.0,
                0.0,
                1.0
            ]
        ],
        "confusion_matrix_labels": [
            "0",
            "1",
            "2",
            "3",
            "4",
            "5"
        ],
        "num_test_samples": 21309,
        "round_end_time": 1772223218.5073488,
        "round_time": 0.12457895278930664
    },
    "7": {
        "fit_time": 6.593055725097656,
        "train_loss": 1.490527095606066,
        "num_train_samples": 85230,
        "model_param_count": 7078,
        "model_size_bytes": 28312,
        "epochs": 5,
        "batch_size": 64,
        "learning_rate": 0.001,
        "round_start_time": 1772223220.3766298,
        "target_labels": [
            "0",
            "1",
            "2",
            "3",
            "4",
            "5"
        ],
        "input_features": 74,
        "output_classes": 6
    },
    "9": {
        "evaluate_time": 0.1346292495727539,
        "inference_time": 0.1346285343170166,
        "test_loss": 0.7631078474407177,
        "accuracy": 0.7061804871181191,
        "precision": 0.769958033927086,
        "recall": 0.7061804871181191,
        "f1_score": 0.7059877657543724,
        "mcc": 0.6484616378086376,
        "confusion_matrix": [
            [
                0.6555851063829787,
                0.0700354609929078,
                0.14376477541371158,
                0.0,
                0.13061465721040189,
                0.0
            ],
            [
                0.0010803024846957148,
                0.39214980194454446,
                0.3093266114512063,
                0.0,
                0.29744328411955345,
                0.0
            ],
            [
                0.0014265335235378032,
                0.0,
                0.47289586305278175,
                0.0,
                0.5256776034236804,
                0.0
            ],
            [
                0.0,
                0.0,
                0.0,
                0.88,
                0.12,
                0.0
            ],
            [
                0.0,
                0.0,
                0.004596032897919691,
                0.0,
                0.9954039671020803,
                0.0
            ],
            [
                0.0,
                0.0,
                0.0,
                0.0,
                0.0,
                1.0
            ]
        ],
        "confusion_matrix_labels": [
            "0",
            "1",
            "2",
            "3",
            "4",
            "5"
        ],
        "num_test_samples": 21309,
        "round_end_time": 1772223230.305235,
        "round_time": 0.1346292495727539
    },
    "11": {
        "fit_time": 7.4678919315338135,
        "train_loss": 1.3845370854536831,
        "num_train_samples": 85230,
        "model_param_count": 7078,
        "model_size_bytes": 28312,
        "epochs": 5,
        "batch_size": 64,
        "learning_rate": 0.001,
        "round_start_time": 1772223232.9525776,
        "target_labels": [
            "0",
            "1",
            "2",
            "3",
            "4",
            "5"
        ],
        "input_features": 74,
        "output_classes": 6,
        "evaluate_time": 0.13056421279907227,
        "inference_time": 0.13056349754333496,
        "test_loss": 0.2772092393703164,
        "accuracy": 0.8622178422262894,
        "precision": 0.8871161165402829,
        "recall": 0.8622178422262894,
        "f1_score": 0.8645801078288293,
        "mcc": 0.8300892924338837,
        "confusion_matrix": [
            [
                0.8457446808510638,
                0.07609338061465722,
                0.07816193853427895,
                0.0,
                0.0,
                0.0
            ],
            [
                0.06373784659704718,
                0.8581202736766295,
                0.0662585523946705,
                0.0,
                0.011883327331652862,
                0.0
            ],
            [
                0.028530670470756064,
                0.02163575844032335,
                0.9424631478839752,
                0.0,
                0.007370423204945316,
                0.0
            ],
            [
                0.0,
                0.0,
                0.0,
                1.0,
                0.0,
                0.0
            ],
            [
                0.0038703434929850023,
                0.013062409288824383,
                0.2868892114175133,
                0.0,
                0.6961780358006773,
                0.0
            ],
            [
                0.0,
                0.0,
                0.0,
                0.0,
                0.0,
                1.0
            ]
        ],