{
    "1": {
        "fit_time": 6.131830215454102,
        "train_loss": 0.9378801289823208,
        "num_train_samples": 1288,
        "model_param_count": 78574,
        "model_size_bytes": 314296,
        "epochs": 200,
        "batch_size": 64,
        "learning_rate": 0.001,
        "optimizer": "sgd",
        "momentum": 0.9,
        "device": "cpu",
        "round_start_time": 1772224230.2945087,
        "target_labels": [
            "0",
            "1",
            "2",
            "3",
            "4",
            "5"
        ],
        "input_features": 74,
        "output_classes": 6,
        "evaluate_time": 0.002705097198486328,
        "inference_time": 0.002704143524169922,
        "test_loss": 1.173783936628131,
        "accuracy": 0.40468227424749165,
        "precision": 0.9195984642282468,
        "recall": 0.40468227424749165,
        "f1_score": 0.509122791257804,
        "mcc": 0.22713020654030538,
        "confusion_matrix": [
            [
                0.8461538461538461,
                0.0,
                0.15384615384615385,
                0.0,
                0.0,
                0.0
            ],
            [
                0.47232472324723246,
                0.36900369003690037,
                0.13284132841328414,
                0.0,
                0.025830258302583026,
                0.0
            ],
            [
                0.2222222222222222,
                0.0,
                0.7777777777777778,
                0.0,
                0.0,
                0.0
            ],
            [
                0.5,
                0.0,
                0.0,
                0.0,
                0.0,
                0.5
            ],
            [
                0.0,
                0.0,
                0.5,
                0.0,
                0.5,
                0.0
            ],
            [
                0.0,
                0.0,
                0.0,
                0.0,
                0.0,
                1.0
            ]
        ],
        "confusion_matrix_labels": [
            "0",
            "1",
            "2",
            "3",
            "4",
            "5"
        ],
        "num_test_samples": 299,
        "round_end_time": 1772224686.9742155,
        "round_time": 0.002705097198486328
    },
    "2": {
        "fit_time": 4.8643553256988525,
        "train_loss": 0.27948426614654315,
        "num_train_samples": 1288,
        "model_param_count": 78574,
        "model_size_bytes": 314296,
        "epochs": 200,
        "batch_size": 64,
        "learning_rate": 0.001,
        "optimizer": "sgd",
        "momentum": 0.9,
        "device": "cpu",
        "round_start_time": 1772225062.9671838,
        "target_labels": [
            "0",
            "1",
            "2",
            "3",
            "4",
            "5"
        ],
        "input_features": 74,
        "output_classes": 6,
        "evaluate_time": 0.0025937557220458984,
        "inference_time": 0.002593517303466797,
        "test_loss": 0.4812978286806955,
        "accuracy": 0.6923076923076923,
        "precision": 0.935361838875835,
        "recall": 0.6923076923076923,
        "f1_score": 0.7670100419449217,
        "mcc": 0.4042023296670109,
        "confusion_matrix": [
            [
                0.8461538461538461,
                0.0,
                0.15384615384615385,
                0.0,
                0.0,
                0.0
            ],
            [
                0.22878228782287824,
                0.6715867158671587,
                0.08487084870848709,
                0.0,
                0.014760147601476014,
                0.0
            ],
            [
                0.0,
                0.0,
                1.0,
                0.0,
                0.0,
                0.0
            ],
            [
                0.0,
                0.0,
                0.0,
                1.0,
                0.0,
                0.0
            ],
            [
                0.0,
                0.0,
                0.5,
                0.0,
                0.5,
                0.0
            ],
            [
                0.0,
                0.0,
                0.0,
                0.0,
                0.0,
                1.0
            ]
        ],
        "confusion_matrix_labels": [
            "0",
            "1",
            "2",
            "3",
            "4",
            "5"
        ],
        "num_test_samples": 299,
        "round_end_time": 1772225138.883602,
        "round_time": 0.0025937557220458984
    },
    "3": {
        "fit_time": 4.846620082855225,
        "train_loss": 0.26043952473711923,
        "num_train_samples": 1288,
        "model_param_count": 78574,
        "model_size_bytes": 314296,
        "epochs": 200,
        "batch_size": 64,
        "learning_rate": 0.001,
        "optimizer": "sgd",
        "momentum": 0.9,
        "device": "cpu",
        "round_start_time": 1772225241.1094997,
        "target_labels": [
            "0",
            "1",
            "2",
            "3",
            "4",
            "5"
        ],
        "input_features": 74,
        "output_classes": 6,
        "evaluate_time": 0.002579927444458008,
        "inference_time": 0.0025794506072998047,
        "test_loss": 0.48528951815139487,
        "accuracy": 0.6989966555183946,
        "precision": 0.9356804817802259,
        "recall": 0.6989966555183946,
        "f1_score": 0.7721939595206162,
        "mcc": 0.40913323622348835,
        "confusion_matrix": [
            [
                0.8461538461538461,
                0.0,
                0.15384615384615385,
                0.0,
                0.0,
                0.0
            ],
            [
                0.22509225092250923,
                0.6789667896678967,
                0.08118081180811808,
                0.0,
                0.014760147601476014,
                0.0
            ],
            [
                0.0,
                0.0,
                1.0,
                0.0,
                0.0,
                0.0
            ],
            [
                0.0,
                0.0,
                0.0,
                1.0,
                0.0,
                0.0
            ],
            [
                0.0,
                0.0,
                0.5,
                0.0,
                0.5,
                0.0
            ],
            [
                0.0,
                0.0,
                0.0,
                0.0,
                0.0,
                1.0
            ]
        ],
        "confusion_matrix_labels": [
            "0",
            "1",
            "2",
            "3",
            "4",
            "5"
        ],
        "num_test_samples": 299,
        "round_end_time": 1772225593.4245555,
        "round_time": 0.002579927444458008
    },
    "4": {
        "fit_time": 4.897481203079224,
        "train_loss": 0.25413069483315864,
        "num_train_samples": 1288,
        "model_param_count": 78574,
        "model_size_bytes": 314296,
        "epochs": 200,
        "batch_size": 64,
        "learning_rate": 0.001,
        "optimizer": "sgd",
        "momentum": 0.9,
        "device": "cpu",
        "round_start_time": 1772225950.8282926,
        "target_labels": [
            "0",
            "1",
            "2",
            "3",
            "4",
            "5"
        ],
        "input_features": 74,
        "output_classes": 6,
        "evaluate_time": 0.003216981887817383,
        "inference_time": 0.0032165050506591797,
        "test_loss": 0.46499780498220766,
        "accuracy": 0.725752508361204,
        "precision": 0.9363092027187399,
        "recall": 0.725752508361204,
        "f1_score": 0.7917893681740052,
        "mcc": 0.42919124712675605,