{
    "1": {
        "fit_time": 1.4479601383209229,
        "train_loss": 1.4444922435254515,
        "num_train_samples": 5317,
        "model_param_count": 78574,
        "model_size_bytes": 314296,
        "epochs": 5,
        "batch_size": 64,
        "learning_rate": 0.001,
        "optimizer": "sgd",
        "momentum": 0.9,
        "device": "cpu",
        "round_start_time": 1772223291.2048588,
        "target_labels": [
            "0",
            "1",
            "2",
            "3",
            "4",
            "5"
        ],
        "input_features": 74,
        "output_classes": 6,
        "evaluate_time": 0.023525476455688477,
        "inference_time": 0.023524761199951172,
        "test_loss": 0.6980548621033651,
        "accuracy": 0.5641230523371954,
        "precision": 0.9441007664979052,
        "recall": 0.5641230523371954,
        "f1_score": 0.584863716384834,
        "mcc": 0.5471583843324651,
        "confusion_matrix": [
            [
                0.9615384615384616,
                0.0,
                0.038461538461538464,
                0.0,
                0.0,
                0.0
            ],
            [
                0.5319905213270142,
                0.05568720379146919,
                0.41232227488151657,
                0.0,
                0.0,
                0.0
            ],
            [
                0.0,
                0.0,
                1.0,
                0.0,
                0.0,
                0.0
            ],
            [
                0.5,
                0.0,
                0.0,
                0.0,
                0.5,
                0.0
            ],
            [
                0.05372405372405373,
                0.0,
                0.29426129426129427,
                0.0,
                0.652014652014652,
                0.0
            ],
            [
                0.0,
                0.0,
                0.0,
                0.0,
                0.0,
                1.0
            ]
        ],
        "confusion_matrix_labels": [
            "0",
            "1",
            "2",
            "3",
            "4",
            "5"
        ],
        "num_test_samples": 2503,
        "round_end_time": 1772223305.159086,
        "round_time": 0.023525476455688477
    }
}