{
    "0": {
        "trees_by_client": 10,
        "aggregation_time": 0.8446075916290283,
        "avg_execution_time": 23.747194004058837
    },
    "1": {
        "trees_by_client": 20,
        "aggregation_time": 1.0388550758361816,
        "avg_execution_time": 3.2820663690567016
    },
    "2": {
        "trees_by_client": 30,
        "aggregation_time": 0.9887771606445312,
        "avg_execution_time": 3.952878403663635
    },
    "3": {
        "trees_by_client": 40,
        "aggregation_time": 1.1586370468139648,
        "avg_execution_time": 4.559302806854248
    },
    "4": {
        "trees_by_client": 50,
        "aggregation_time": 1.2001581192016602,
        "avg_execution_time": 5.675311326980591
    },
    "5": {
        "trees_by_client": 60,
        "aggregation_time": 1.345548391342163,
        "avg_execution_time": 6.440442180633545
    },
    "6": {
        "trees_by_client": 70,
        "aggregation_time": 1.4571559429168701,
        "avg_execution_time": 7.598870015144348
    },
    "7": {
        "trees_by_client": 80,
        "aggregation_time": 1.545912742614746,
        "avg_execution_time": 7.998747968673706
    },
    "8": {
        "trees_by_client": 90,
        "aggregation_time": 1.6830453872680664,
        "avg_execution_time": 9.465617251396178
    },
    "9": {
        "trees_by_client": 100,
        "aggregation_time": 1.8465285301208496,
        "avg_execution_time": 10.063176822662353
    },
    "10": {
        "trees_by_client": 110,
        "aggregation_time": 1.9133565425872803,
        "avg_execution_time": 11.018991613388062
    },
    "11": {
        "trees_by_client": 120,
        "aggregation_time": 2.0585198402404785,
        "avg_execution_time": 11.83009991645813
    },
    "12": {
        "trees_by_client": 130,
        "aggregation_time": 2.146651029586792,
        "avg_execution_time": 12.420599555969238
    },
    "13": {
        "trees_by_client": 140,
        "aggregation_time": 2.278545379638672,
        "avg_execution_time": 13.497949314117431
    },
    "14": {
        "trees_by_client": 150,
        "aggregation_time": 2.43121600151062,
        "avg_execution_time": 14.240458559989928
    },
    "15": {
        "trees_by_client": 160,
        "aggregation_time": 2.4997684955596924,
        "avg_execution_time": 15.030262351036072
    },
    "16": {
        "trees_by_client": 170,
        "aggregation_time": 2.629140615463257,
        "avg_execution_time": 16.226273679733275
    },
    "17": {
        "trees_by_client": 180,
        "aggregation_time": 2.8054165840148926,
        "avg_execution_time": 17.118673610687257
    },
    "18": {
        "trees_by_client": 190,
        "aggregation_time": 2.9277150630950928,
        "avg_execution_time": 18.245898795127868
    },
    "19": {
        "trees_by_client": 200,
        "aggregation_time": 3.0856122970581055,
        "avg_execution_time": 18.825286650657652
    }
}