{
    "0": {
        "trees_by_client": 10,
        "aggregation_time": 1.2355124950408936,
        "avg_execution_time": 24.458435797691344
    },
    "1": {
        "trees_by_client": 20,
        "aggregation_time": 1.556075096130371,
        "avg_execution_time": 4.692076015472412
    },
    "2": {
        "trees_by_client": 30,
        "aggregation_time": 1.3660359382629395,
        "avg_execution_time": 4.706210899353027
    },
    "3": {
        "trees_by_client": 40,
        "aggregation_time": 1.3759796619415283,
        "avg_execution_time": 5.924628901481628
    },
    "4": {
        "trees_by_client": 50,
        "aggregation_time": 2.228900909423828,
        "avg_execution_time": 9.026959586143494
    },
    "5": {
        "trees_by_client": 60,
        "aggregation_time": 1.8048803806304932,
        "avg_execution_time": 8.396786546707153
    },
    "6": {
        "trees_by_client": 70,
        "aggregation_time": 1.7979083061218262,
        "avg_execution_time": 8.70475423336029
    },
    "7": {
        "trees_by_client": 80,
        "aggregation_time": 1.8479373455047607,
        "avg_execution_time": 9.817119693756103
    },
    "8": {
        "trees_by_client": 90,
        "aggregation_time": 1.9342284202575684,
        "avg_execution_time": 10.819498920440674
    },
    "9": {
        "trees_by_client": 100,
        "aggregation_time": 2.028391122817993,
        "avg_execution_time": 11.3314368724823
    },
    "10": {
        "trees_by_client": 110,
        "aggregation_time": 2.2196407318115234,
        "avg_execution_time": 12.895631456375122
    },
    "11": {
        "trees_by_client": 120,
        "aggregation_time": 2.2970504760742188,
        "avg_execution_time": 14.642799639701844
    },
    "12": {
        "trees_by_client": 130,
        "aggregation_time": 2.957174062728882,
        "avg_execution_time": 16.373154592514037
    },
    "13": {
        "trees_by_client": 140,
        "aggregation_time": 2.821612596511841,
        "avg_execution_time": 16.7539293050766
    },
    "14": {
        "trees_by_client": 150,
        "aggregation_time": 3.6669063568115234,
        "avg_execution_time": 18.186500072479248
    },
    "15": {
        "trees_by_client": 160,
        "aggregation_time": 2.901282787322998,
        "avg_execution_time": 17.976987290382386
    },
    "16": {
        "trees_by_client": 170,
        "aggregation_time": 2.959304094314575,
        "avg_execution_time": 18.415959787368774
    },
    "17": {
        "trees_by_client": 180,
        "aggregation_time": 3.5496888160705566,
        "avg_execution_time": 23.953076171875
    },
    "18": {
        "trees_by_client": 190,
        "aggregation_time": 3.167550563812256,
        "avg_execution_time": 22.077310800552368
    },
    "19": {
        "trees_by_client": 200,
        "aggregation_time": 3.339174747467041,
        "avg_execution_time": 21.831080508232116
    },
    "20": {
        "trees_by_client": 210,
        "aggregation_time": 4.237585783004761,
        "avg_execution_time": 26.799312233924866
    },
    "21": {
        "trees_by_client": 220,
        "aggregation_time": 3.524778366088867,
        "avg_execution_time": 23.24574980735779
    },
    "22": {
        "trees_by_client": 230,
        "aggregation_time": 5.120675563812256,
        "avg_execution_time": 29.199504613876343
    },
    "23": {
        "trees_by_client": 240,
        "aggregation_time": 5.052330017089844,
        "avg_execution_time": 34.34607644081116
    },
    "24": {
        "trees_by_client": 250,
        "aggregation_time": 4.743961334228516,
        "avg_execution_time": 30.974279928207398
    },
    "25": {
        "trees_by_client": 260,
        "aggregation_time": 5.4727091789245605,
        "avg_execution_time": 33.421955823898315
    },
    "26": {
        "trees_by_client": 270,
        "aggregation_time": 5.064463138580322,
        "avg_execution_time": 34.30111789703369
    },
    "27": {
        "trees_by_client": 280,
        "aggregation_time": 5.437244892120361,
        "avg_execution_time": 35.160163450241086
    },
    "28": {
        "trees_by_client": 290,
        "aggregation_time": 4.773357152938843,
        "avg_execution_time": 34.75252780914307
    },
    "29": {
        "trees_by_client": 300,
        "aggregation_time": 5.643836975097656,
        "avg_execution_time": 42.31718456745148
    },
    "30": {
        "trees_by_client": 310,
        "aggregation_time": 4.92149543762207,
        "avg_execution_time": 38.11403884887695
    },
    "31": {
        "trees_by_client": 320,
        "aggregation_time": 4.556321382522583,
        "avg_execution_time": 33.23647699356079
    },
    "32": {
        "trees_by_client": 330,
        "aggregation_time": 5.151385307312012,
        "avg_execution_time": 36.29793846607208
    },
    "33": {
        "trees_by_client": 340,
        "aggregation_time": 5.132539510726929,
        "avg_execution_time": 36.21508650779724
    },
    "34": {
        "trees_by_client": 350,
        "aggregation_time": 5.420577526092529,
        "avg_execution_time": 36.48183057308197
    },
    "35": {
        "trees_by_client": 360,
        "aggregation_time": 5.362683057785034,
        "avg_execution_time": 43.39611339569092
    },
    "36": {
        "trees_by_client": 370,
        "aggregation_time": 5.34381890296936,
        "avg_execution_time": 37.704730367660524
    },
    "37": {
        "trees_by_client": 380,
        "aggregation_time": 5.668180465698242,
        "avg_execution_time": 40.99882733821869
    },
    "38": {
        "trees_by_client": 390,
        "aggregation_time": 5.54587197303772,
        "avg_execution_time": 41.01276953220368
    },
    "39": {
        "trees_by_client": 400,
        "aggregation_time": 5.751888275146484,
        "avg_execution_time": 42.849855065345764
    }
}