{
    "0": {
        "trees_by_client": 10,
        "first_server_serialise_trees_size": 9343,
        "fit_time": 0.14027023315429688,
        "client_serialise_trees_size": 341799,
        "final_server_serialise_trees_size": 876110,
        "f1_score": 0.9681163501470444,
        "mcc": 0.9522955899132831,
        "accuracy": 0.9625492772667543,
        "precision": 0.9711238947342764,
        "recall": 0.9666955144554036,
        "confusion_matrix": [
            [
                0.9903943377148635,
                0.0015166835187057635,
                0.008088978766430738,
                0.0,
                0.0,
                0.0
            ],
            [
                0.013853904282115869,
                0.9672544080604534,
                0.007556675062972292,
                0.0,
                0.011335012594458438,
                0.0
            ],
            [
                0.033717105263157895,
                0.0008223684210526315,
                0.9638157894736842,
                0.0,
                0.001644736842105263,
                0.0
            ],
            [
                0.0,
                0.0,
                0.0,
                1.0,
                0.0,
                0.0
            ],
            [
                0.0,
                0.015706806282722512,
                0.1055846422338569,
                0.0,
                0.8787085514834206,
                0.0
            ],
            [
                0.0,
                0.0,
                0.0,
                0.0,
                0.0,
                1.0
            ]
        ],
        "confusion_matrix_labels": [
            "DoS/DDoS",
            "Info_Gathering",
            "Injection",
            "MITM",
            "Malware",
            "Normal"
        ],
        "round_time": 12.214229106903076,
        "round_start_time": 1777041487.6707118,
        "round_end_time": 1777041499.8849409,
        "evaluate_time": 0.2676115036010742,
        "inference_time": 0.006417036056518555
    },
    "1": {
        "trees_by_client": 20,
        "first_server_serialise_trees_size": 18734,
        "fit_time": 0.35727906227111816,
        "client_serialise_trees_size": 725225,
        "final_server_serialise_trees_size": 1866661,
        "f1_score": 0.9684307452924451,
        "mcc": 0.9527640875758051,
        "accuracy": 0.9628777923784494,
        "precision": 0.9714979851087425,
        "recall": 0.9671018868137925,
        "confusion_matrix": [
            [
                0.9908998988877654,
                0.0005055611729019212,
                0.008594539939332659,
                0.0,
                0.0,
                0.0
            ],
            [
                0.010075566750629723,
                0.9710327455919395,
                0.007556675062972292,
                0.0,
                0.011335012594458438,
                0.0
            ],
            [
                0.03289473684210526,
                0.0008223684210526315,
                0.9654605263157895,
                0.0,
                0.0008223684210526315,
                0.0
            ],
            [
                0.0,
                0.0,
                0.0,
                1.0,
                0.0,
                0.0
            ],
            [
                0.0,
                0.015706806282722512,
                0.10907504363001745,
                0.0,
                0.87521815008726,
                0.0
            ],
            [
                0.0,
                0.0,
                0.0,
                0.0,
                0.0,
                1.0
            ]
        ],
        "confusion_matrix_labels": [
            "DoS/DDoS",
            "Info_Gathering",
            "Injection",
            "MITM",
            "Malware",
            "Normal"
        ],
        "round_time": 4.136234521865845,
        "round_start_time": 1777041515.3661335,
        "round_end_time": 1777041519.502368,
        "evaluate_time": 0.22743988037109375,
        "inference_time": 0.0057964324951171875
    },
    "2": {
        "trees_by_client": 30,
        "first_server_serialise_trees_size": 28636,
        "fit_time": 0.48738789558410645,
        "client_serialise_trees_size": 1025371,
        "final_server_serialise_trees_size": 2659576,
        "f1_score": 0.9681145958363909,
        "mcc": 0.9523693817523133,
        "accuracy": 0.9625492772667543,
        "precision": 0.9713235132442543,
        "recall": 0.9667498468347561,
        "confusion_matrix": [
            [
                0.9914054600606673,
                0.0,
                0.008594539939332659,
                0.0,
                0.0,
                0.0
            ],
            [
                0.010075566750629723,
                0.9710327455919395,
                0.007556675062972292,
                0.0,
                0.011335012594458438,
                0.0
            ],
            [
                0.03289473684210526,
                0.001644736842105263,
                0.9654605263157895,
                0.0,
                0.0,
                0.0
            ],
            [
                0.0,
                0.0,
                0.0,
                1.0,
                0.0,
                0.0
            ],
            [
                0.0,
                0.015706806282722512,
                0.11169284467713787,
                0.0,
                0.8726003490401396,
                0.0
            ],
            [
                0.0,
                0.0,
                0.0,
                0.0,
                0.0,
                1.0
            ]
        ],
        "confusion_matrix_labels": [
            "DoS/DDoS",
            "Info_Gathering",
            "Injection",
            "MITM",
            "Malware",
            "Normal"
        ],
        "round_time": 3.1686441898345947,
        "round_start_time": 1777041534.54794,
        "round_end_time": 1777041537.7165842,
        "evaluate_time": 0.2678525447845459,
        "inference_time": 0.008423089981079102
    },
    "3": {
        "trees_by_client": 40,
        "first_server_serialise_trees_size": 37465,
        "fit_time": 0.8284416198730469,
        "client_serialise_trees_size": 1373019,
        "final_server_serialise_trees_size": 3673377,
        "f1_score": 0.9691059686865895,
        "mcc": 0.9537495898510019,
        "accuracy": 0.9636990801576872,
        "precision": 0.9720450312565995,
        "recall": 0.9676673490941421,
        "confusion_matrix": [
            [
                0.9919110212335692,
                0.0,
                0.008088978766430738,
                0.0,
                0.0,
                0.0
            ],
            [
                0.011335012594458438,
                0.9697732997481109,
                0.007556675062972292,
                0.0,
                0.011335012594458438,
                0.0
            ],
            [
                0.033717105263157895,
                0.001644736842105263,
                0.9629934210526315,
                0.0,
                0.001644736842105263,
                0.0
            ],
            [
                0.0,
                0.0,
                0.0,
                1.0,
                0.0,
                0.0
            ],
            [
                0.0,
                0.015706806282722512,
                0.10296684118673648,
                0.0,
                0.881326352530541,
                0.0
            ],
            [
                0.0,
                0.0,
                0.0,
                0.0,
                0.0,
                1.0
            ]
        ],
        "confusion_matrix_labels": [
            "DoS/DDoS",
            "Info_Gathering",
            "Injection",
            "MITM",
            "Malware",
            "Normal"
        ],
        "round_time": 4.947686672210693,
        "round_start_time": 1777041552.7840443,