{
    "1": {
        "fit_time": 8.165371656417847,
        "train_loss": 0.47720147366491455,
        "num_train_samples": 1361,
        "model_param_count": 78574,
        "model_size_bytes": 314296,
        "epochs": 200,
        "batch_size": 64,
        "learning_rate": 0.001,
        "optimizer": "sgd",
        "momentum": 0.9,
        "device": "cpu",
        "round_start_time": 1772224289.8313315,
        "target_labels": [
            "0",
            "1",
            "2",
            "3",
            "4",
            "5"
        ],
        "input_features": 74,
        "output_classes": 6,
        "evaluate_time": 0.009705781936645508,
        "inference_time": 0.009705066680908203,
        "test_loss": 0.19624088791733615,
        "accuracy": 0.9516245487364621,
        "precision": 0.9615694231864286,
        "recall": 0.9516245487364621,
        "f1_score": 0.9539825820648736,
        "mcc": 0.7427513808415763,
        "confusion_matrix": [
            [
                0.965845909451946,
                0.003177124702144559,
                0.02938840349483717,
                0.0,
                0.0015885623510722795,
                0.0
            ],
            [
                0.5454545454545454,
                0.3181818181818182,
                0.13636363636363635,
                0.0,
                0.0,
                0.0
            ],
            [
                0.19444444444444445,
                0.0,
                0.8055555555555556,
                0.0,
                0.0,
                0.0
            ],
            [
                0.5,
                0.0,
                0.0,
                0.0,
                0.0,
                0.5
            ],
            [
                0.0,
                0.0,
                0.0,
                0.0,
                1.0,
                0.0
            ],
            [
                0.0,
                0.0,
                0.0,
                0.0,
                0.0,
                1.0
            ]
        ],
        "confusion_matrix_labels": [
            "0",
            "1",
            "2",
            "3",
            "4",
            "5"
        ],
        "num_test_samples": 1385,
        "round_end_time": 1772224686.896992,
        "round_time": 0.009705781936645508
    },
    "2": {
        "fit_time": 5.098175048828125,
        "train_loss": 0.07678867814174747,
        "num_train_samples": 1361,
        "model_param_count": 78574,
        "model_size_bytes": 314296,
        "epochs": 200,
        "batch_size": 64,
        "learning_rate": 0.001,
        "optimizer": "sgd",
        "momentum": 0.9,
        "device": "cpu",
        "round_start_time": 1772225113.6046045,
        "target_labels": [
            "0",
            "1",
            "2",
            "3",
            "4",
            "5"
        ],
        "input_features": 74,
        "output_classes": 6,
        "evaluate_time": 0.010137081146240234,
        "inference_time": 0.010135889053344727,
        "test_loss": 0.15963844316961104,
        "accuracy": 0.9155234657039711,
        "precision": 0.9678195091459196,
        "recall": 0.9155234657039711,
        "f1_score": 0.9347439854036662,
        "mcc": 0.6790025787781625,
        "confusion_matrix": [
            [
                0.9142176330420969,
                0.012708498808578236,
                0.07307386814932486,
                0.0,
                0.0,
                0.0
            ],
            [
                0.22727272727272727,
                0.6363636363636364,
                0.13636363636363635,
                0.0,
                0.0,
                0.0
            ],
            [
                0.027777777777777776,
                0.0,
                0.9722222222222222,
                0.0,
                0.0,
                0.0
            ],
            [
                0.0,
                0.0,
                0.0,
                1.0,
                0.0,
                0.0
            ],
            [
                0.0,
                0.0,
                0.0,
                0.0,
                1.0,
                0.0
            ],
            [
                0.0,
                0.0,
                0.0,
                0.0,
                0.0,
                1.0
            ]
        ],
        "confusion_matrix_labels": [
            "0",
            "1",
            "2",
            "3",
            "4",
            "5"
        ],
        "num_test_samples": 1385,
        "round_end_time": 1772225138.5290978,
        "round_time": 0.010137081146240234
    },
    "3": {
        "fit_time": 5.108959674835205,
        "train_loss": 0.05890237274160302,
        "num_train_samples": 1361,
        "model_param_count": 78574,
        "model_size_bytes": 314296,
        "epochs": 200,
        "batch_size": 64,
        "learning_rate": 0.001,
        "optimizer": "sgd",
        "momentum": 0.9,
        "device": "cpu",
        "round_start_time": 1772225157.565083,
        "target_labels": [
            "0",
            "1",
            "2",
            "3",
            "4",
            "5"
        ],
        "input_features": 74,
        "output_classes": 6,
        "evaluate_time": 0.009668827056884766,
        "inference_time": 0.009668111801147461,
        "test_loss": 0.16293514209533858,
        "accuracy": 0.9227436823104693,
        "precision": 0.9709153980982851,
        "recall": 0.9227436823104693,
        "f1_score": 0.9404232304987082,
        "mcc": 0.6994373301116582,
        "confusion_matrix": [
            [
                0.9213661636219221,
                0.007942811755361398,
                0.07069102462271644,
                0.0,
                0.0,
                0.0
            ],
            [
                0.18181818181818182,
                0.6818181818181818,
                0.13636363636363635,
                0.0,
                0.0,
                0.0
            ],
            [
                0.027777777777777776,
                0.0,
                0.9722222222222222,
                0.0,
                0.0,
                0.0
            ],
            [
                0.0,
                0.0,
                0.0,
                1.0,
                0.0,
                0.0
            ],
            [
                0.0,
                0.0,
                0.0,
                0.0,
                1.0,
                0.0
            ],
            [
                0.0,
                0.0,
                0.0,
                0.0,
                0.0,
                1.0
            ]
        ],
        "confusion_matrix_labels": [
            "0",
            "1",
            "2",
            "3",
            "4",
            "5"
        ],
        "num_test_samples": 1385,
        "round_end_time": 1772225593.5606518,
        "round_time": 0.009668827056884766
    },
    "4": {
        "fit_time": 5.007828235626221,
        "train_loss": 0.057044168724427115,
        "num_train_samples": 1361,
        "model_param_count": 78574,
        "model_size_bytes": 314296,
        "epochs": 200,
        "batch_size": 64,
        "learning_rate": 0.001,
        "optimizer": "sgd",
        "momentum": 0.9,
        "device": "cpu",
        "round_start_time": 1772225930.5354593,
        "target_labels": [
            "0",
            "1",
            "2",
            "3",
            "4",
            "5"
        ],
        "input_features": 74,
        "output_classes": 6,
        "evaluate_time": 0.013427495956420898,
        "inference_time": 0.013427019119262695,
        "test_loss": 0.1734807743707719,
        "accuracy": 0.9010830324909748,
        "precision": 0.9656983437053093,
        "recall": 0.9010830324909748,
        "f1_score": 0.9246420933483835,
        "mcc": 0.6501172354659732,