{
    "1": {
        "fit_time": 0.11242032051086426,
        "train_loss": 1.7837114161971044,
        "num_train_samples": 1187,
        "model_param_count": 78574,
        "model_size_bytes": 314296,
        "epochs": 5,
        "batch_size": 64,
        "learning_rate": 0.001,
        "optimizer": "sgd",
        "momentum": 0.9,
        "device": "cpu",
        "round_start_time": 1772223301.9292173,
        "target_labels": [
            "0",
            "1",
            "2",
            "3",
            "4",
            "5"
        ],
        "input_features": 74,
        "output_classes": 6,
        "evaluate_time": 0.007043123245239258,
        "inference_time": 0.007042646408081055,
        "test_loss": 0.3370538283643764,
        "accuracy": 0.9403202328966521,
        "precision": 0.960936287515652,
        "recall": 0.9403202328966521,
        "f1_score": 0.9460804570332823,
        "mcc": 0.6833852882791334,
        "confusion_matrix": [
            [
                0.9541139240506329,
                0.0,
                0.04588607594936709,
                0.0,
                0.0,
                0.0
            ],
            [
                0.0,
                0.0,
                1.0,
                0.0,
                0.0,
                0.0
            ],
            [
                0.14285714285714285,
                0.0,
                0.8571428571428571,
                0.0,
                0.0,
                0.0
            ],
            [
                1.0,
                0.0,
                0.0,
                0.0,
                0.0,
                0.0
            ],
            [
                0.0,
                0.0,
                0.5,
                0.0,
                0.5,
                0.0
            ],
            [
                0.0,
                0.0,
                0.0,
                0.0,
                0.0,
                1.0
            ]
        ],
        "confusion_matrix_labels": [
            "0",
            "1",
            "2",
            "3",
            "4",
            "5"
        ],
        "num_test_samples": 687,
        "round_end_time": 1772223305.1967194,
        "round_time": 0.007043123245239258
    },
    "2": {
        "fit_time": 0.11244583129882812,
        "train_loss": 0.3677906735915543,
        "num_train_samples": 1187,
        "model_param_count": 78574,
        "model_size_bytes": 314296,
        "epochs": 5,
        "batch_size": 64,
        "learning_rate": 0.001,
        "optimizer": "sgd",
        "momentum": 0.9,
        "device": "cpu",
        "round_start_time": 1772223315.1578937,
        "target_labels": [
            "0",
            "1",
            "2",
            "3",
            "4",
            "5"
        ],
        "input_features": 74,
        "output_classes": 6
    }
}