{
    "0": {
        "trees_by_client": 10,
        "first_server_serialise_trees_size": 8031,
        "fit_time": 0.22259879112243652,
        "client_serialise_trees_size": 769363,
        "final_server_serialise_trees_size": 526075,
        "f1_score": 0.703679494380209,
        "mcc": 0.42712184968137995,
        "accuracy": 0.8992260306428684,
        "precision": 0.7680073516775482,
        "recall": 0.6701754385964912,
        "confusion_matrix": [
            [
                0.9692307692307692,
                0.03076923076923077
            ],
            [
                0.6288798920377868,
                0.37112010796221323
            ]
        ],
        "confusion_matrix_labels": [
            "no",
            "yes"
        ],
        "round_time": 47.45983552932739,
        "round_start_time": 1771877103.5218163,
        "round_end_time": 1771877150.9816518,
        "evaluate_time": 0.17555856704711914,
        "inference_time": 0.002438068389892578
    },
    "1": {
        "trees_by_client": 20,
        "first_server_serialise_trees_size": 8029,
        "fit_time": 0.4184088706970215,
        "client_serialise_trees_size": 1574429,
        "final_server_serialise_trees_size": 1114241,
        "f1_score": 0.7365516026629978,
        "mcc": 0.47351597175988164,
        "accuracy": 0.8941715368820091,
        "precision": 0.7437757445738999,
        "recall": 0.7299422527696702,
        "confusion_matrix": [
            [
                0.9443649373881932,
                0.0556350626118068
            ],
            [
                0.4844804318488529,
                0.5155195681511471
            ]
        ],
        "confusion_matrix_labels": [
            "no",
            "yes"
        ],
        "round_time": 2.409864664077759,
        "round_start_time": 1771877166.1070874,
        "round_end_time": 1771877168.516952,
        "evaluate_time": 0.2613832950592041,
        "inference_time": 0.006583690643310547
    },
    "2": {
        "trees_by_client": 30,
        "first_server_serialise_trees_size": 16008,
        "fit_time": 0.6398189067840576,
        "client_serialise_trees_size": 2373662,
        "final_server_serialise_trees_size": 1094119,
        "f1_score": 0.7220762329457981,
        "mcc": 0.4637106882368844,
        "accuracy": 0.9049123361238351,
        "precision": 0.7885928231060975,
        "recall": 0.6862724790509368,
        "confusion_matrix": [
            [
                0.9717352415026833,
                0.028264758497316637
            ],
            [
                0.5991902834008097,
                0.4008097165991903
            ]
        ],
        "confusion_matrix_labels": [
            "no",
            "yes"
        ],
        "round_time": 3.6762945652008057,
        "round_start_time": 1771877183.5763557,
        "round_end_time": 1771877187.2526503,
        "evaluate_time": 0.27227020263671875,
        "inference_time": 0.003170490264892578
    },
    "3": {
        "trees_by_client": 40,
        "first_server_serialise_trees_size": 24172,
        "fit_time": 0.7758400440216064,
        "client_serialise_trees_size": 3114539,
        "final_server_serialise_trees_size": 2287795,
        "f1_score": 0.7324872251647664,
        "mcc": 0.4675599754740202,
        "accuracy": 0.8970146896224925,
        "precision": 0.7519512092534175,
        "recall": 0.7169193107993598,
        "confusion_matrix": [
            [
                0.9520572450805009,
                0.047942754919499106
            ],
            [
                0.5182186234817814,
                0.4817813765182186
            ]
        ],
        "confusion_matrix_labels": [
            "no",
            "yes"
        ],
        "round_time": 4.550405979156494,
        "round_start_time": 1771877202.3119526,
        "round_end_time": 1771877206.8623586,
        "evaluate_time": 0.3254213333129883,
        "inference_time": 0.013285636901855469
    },
    "4": {
        "trees_by_client": 50,
        "first_server_serialise_trees_size": 32067,
        "fit_time": 0.9862868785858154,
        "client_serialise_trees_size": 3935705,
        "final_server_serialise_trees_size": 2227037,
        "f1_score": 0.7349943208301091,
        "mcc": 0.4837961101685905,
        "accuracy": 0.9064918654241036,
        "precision": 0.7891252209865294,
        "recall": 0.7023852116875373,
        "confusion_matrix": [
            [
                0.9688729874776386,
                0.031127012522361358
            ],
            [
                0.5641025641025641,
                0.4358974358974359
            ]
        ],
        "confusion_matrix_labels": [
            "no",
            "yes"
        ],
        "round_time": 5.118864059448242,
        "round_start_time": 1771877221.9299643,
        "round_end_time": 1771877227.0488284,
        "evaluate_time": 0.32230544090270996,
        "inference_time": 0.004874467849731445
    },
    "5": {
        "trees_by_client": 60,
        "first_server_serialise_trees_size": 40285,
        "fit_time": 1.1502904891967773,
        "client_serialise_trees_size": 4697745,
        "final_server_serialise_trees_size": 3417275,
        "f1_score": 0.7295062480435206,
        "mcc": 0.47207336848606374,
        "accuracy": 0.9042805244037276,
        "precision": 0.7810873963907519,
        "recall": 0.6982063835797006,
        "confusion_matrix": [
            [
                0.967262969588551,
                0.032737030411449014
            ],
            [
                0.5708502024291497,
                0.4291497975708502
            ]
        ],
        "confusion_matrix_labels": [
            "no",
            "yes"
        ],
        "round_time": 7.905827760696411,
        "round_start_time": 1771877242.102104,
        "round_end_time": 1771877250.0079317,
        "evaluate_time": 0.34760117530822754,
        "inference_time": 0.0052454471588134766
    },
    "6": {
        "trees_by_client": 70,
        "first_server_serialise_trees_size": 48063,
        "fit_time": 1.3406357765197754,
        "client_serialise_trees_size": 5494685,
        "final_server_serialise_trees_size": 3252133,
        "f1_score": 0.7323008442346943,
        "mcc": 0.47926036036438996,
        "accuracy": 0.9060180066340231,
        "precision": 0.7882802427596616,
        "recall": 0.6991902834008097,
        "confusion_matrix": [
            [
                0.9692307692307692,
                0.03076923076923077
            ],
            [
                0.5708502024291497,
                0.4291497975708502
            ]
        ],
        "confusion_matrix_labels": [
            "no",
            "yes"
        ],
        "round_time": 8.471505403518677,
        "round_start_time": 1771877265.0630012,
        "round_end_time": 1771877273.5345066,
        "evaluate_time": 0.2730884552001953,
        "inference_time": 0.005697011947631836
    },
    "7": {
        "trees_by_client": 80,
        "first_server_serialise_trees_size": 56209,
        "fit_time": 1.5555765628814697,
        "client_serialise_trees_size": 6262808,
        "final_server_serialise_trees_size": 4050849,
        "f1_score": 0.7307852609322787,
        "mcc": 0.474423110401086,
        "accuracy": 0.9045964302637814,
        "precision": 0.7819727141611552,
        "recall": 0.6995559112450177,
        "confusion_matrix": [
            [
                0.967262969588551,
                0.032737030411449014
            ],
            [
                0.5681511470985156,
                0.4318488529014845
            ]
        ],
        "confusion_matrix_labels": [
            "no",
            "yes"
        ],
        "round_time": 7.894426107406616,
        "round_start_time": 1771877288.5920596,
        "round_end_time": 1771877296.4864857,
        "evaluate_time": 0.3906433582305908,
        "inference_time": 0.006567716598510742
    },
    "8": {
        "trees_by_client": 90,