Metric,Mean
Local_Accuracy,0.9634034165571617
Local_Precision,0.9648234996839141
Local_Recall,0.9634034165571617
Local_F1,0.963405252669425
