Metric,Mean
Local_Accuracy,0.9594602054906959
Local_Precision,0.9795304169739572
Local_Recall,0.9594602054906959
Local_F1,0.9665712285922256
