Metric,Mean
Local_Accuracy,0.9641918528252301
Local_Precision,0.9656804801669278
Local_Recall,0.9641918528252301
Local_F1,0.9642121596903186
