Metric,Mean
Local_Accuracy,0.9759547390522103
Local_Precision,0.9770400770321345
Local_Recall,0.9759547390522103
Local_F1,0.9763141281933073
