Metric,Mean
Local_Accuracy,0.9687744369269646
Local_Precision,0.9781413377958286
Local_Recall,0.9687744369269646
Local_F1,0.97198021286375
