{
    "1": {
        "fit_time": 1.8543815612792969,
        "train_loss": 1.4911289808802668,
        "num_train_samples": 8308,
        "model_param_count": 7078,
        "model_size_bytes": 28312,
        "epochs": 5,
        "batch_size": 64,
        "learning_rate": 0.001,
        "round_start_time": 1772223210.489092,
        "target_labels": [
            "0",
            "1",
            "2",
            "3",
            "4",
            "5"
        ],
        "input_features": 74,
        "output_classes": 6,
        "evaluate_time": 0.003044605255126953,
        "inference_time": 0.0030438899993896484,
        "test_loss": 0.6506356416746627,
        "accuracy": 0.7906976744186046,
        "precision": 0.867003096571203,
        "recall": 0.7906976744186046,
        "f1_score": 0.816296227893274,
        "mcc": 0.6564088091673324,
        "confusion_matrix": [
            [
                0.7166666666666667,
                0.0,
                0.14166666666666666,
                0.0,
                0.14166666666666666,
                0.0
            ],
            [
                1.0,
                0.0,
                0.0,
                0.0,
                0.0,
                0.0
            ],
            [
                0.022988505747126436,
                0.0,
                0.9310344827586207,
                0.0,
                0.04597701149425287,
                0.0
            ],
            [
                0.0,
                0.0,
                0.0,
                0.0,
                0.0,
                1.0
            ],
            [
                0.5,
                0.0,
                0.0,
                0.0,
                0.5,
                0.0
            ],
            [
                0.0,
                0.0,
                0.0,
                0.0,
                0.0,
                1.0
            ]
        ],
        "confusion_matrix_labels": [
            "0",
            "1",
            "2",
            "3",
            "4",
            "5"
        ],
        "num_test_samples": 215,
        "round_end_time": 1772223212.6029985,
        "round_time": 0.003044605255126953
    },
    "2": {
        "evaluate_time": 0.0020580291748046875,
        "inference_time": 0.0020575523376464844,
        "test_loss": 0.9258995053380035,
        "accuracy": 0.5162790697674419,
        "precision": 0.9653814526035099,
        "recall": 0.5162790697674419,
        "f1_score": 0.6583273816926348,
        "mcc": 0.43294199195054767,
        "confusion_matrix": [
            [
                0.5416666666666666,
                0.4583333333333333,
                0.0,
                0.0,
                0.0,
                0.0
            ],
            [
                0.0,
                1.0,
                0.0,
                0.0,
                0.0,
                0.0
            ],
            [
                0.022988505747126436,
                0.28735632183908044,
                0.4482758620689655,
                0.0,
                0.2413793103448276,
                0.0
            ],
            [
                0.0,
                0.0,
                0.0,
                1.0,
                0.0,
                0.0
            ],
            [
                0.0,
                0.5,
                0.0,
                0.0,
                0.5,
                0.0
            ],
            [
                0.0,
                0.0,
                0.0,
                0.0,
                0.0,
                1.0
            ]
        ],
        "confusion_matrix_labels": [
            "0",
            "1",
            "2",
            "3",
            "4",
            "5"
        ],
        "num_test_samples": 215,
        "round_end_time": 1772223213.3670418,
        "round_time": 0.0020580291748046875
    },
    "5": {
        "fit_time": 0.6566145420074463,
        "train_loss": 0.9134146787430669,
        "num_train_samples": 8308,
        "model_param_count": 7078,
        "model_size_bytes": 28312,
        "epochs": 5,
        "batch_size": 64,
        "learning_rate": 0.001,
        "round_start_time": 1772223216.714312,
        "target_labels": [
            "0",
            "1",
            "2",
            "3",
            "4",
            "5"
        ],
        "input_features": 74,
        "output_classes": 6
    },
    "12": {
        "fit_time": 0.6718528270721436,
        "train_loss": 1.2237304675217482,
        "num_train_samples": 8308,
        "model_param_count": 7078,
        "model_size_bytes": 28312,
        "epochs": 5,
        "batch_size": 64,
        "learning_rate": 0.001,
        "round_start_time": 1772223241.7198687,
        "target_labels": [
            "0",
            "1",
            "2",
            "3",
            "4",
            "5"
        ],
        "input_features": 74,
        "output_classes": 6,
        "evaluate_time": 0.0026428699493408203,
        "inference_time": 0.0026421546936035156,
        "test_loss": 0.21177737310875294,
        "accuracy": 0.9162790697674419,
        "precision": 0.9271156330749354,
        "recall": 0.9162790697674419,
        "f1_score": 0.9182805278541379,
        "mcc": 0.8486406555984803,
        "confusion_matrix": [
            [
                0.8833333333333333,
                0.0,
                0.10833333333333334,
                0.0,
                0.008333333333333333,
                0.0
            ],
            [
                0.0,
                1.0,
                0.0,
                0.0,
                0.0,
                0.0
            ],
            [
                0.022988505747126436,
                0.011494252873563218,
                0.9540229885057471,
                0.0,
                0.011494252873563218,
                0.0
            ],
            [
                0.0,
                0.0,
                0.0,
                1.0,
                0.0,
                0.0
            ],
            [
                0.0,
                0.0,
                0.0,
                0.0,
                1.0,
                0.0
            ],
            [
                0.0,
                0.0,
                0.0,
                0.0,
                0.0,
                1.0
            ]
        ],
        "confusion_matrix_labels": [
            "0",
            "1",
            "2",
            "3",
            "4",
            "5"
        ],
        "num_test_samples": 215,
        "round_end_time": 1772223242.5432131,
        "round_time": 0.0026428699493408203
    },
    "13": {
        "evaluate_time": 0.0020749568939208984,
        "inference_time": 0.0020744800567626953,
        "test_loss": 3.41246050235837,
        "accuracy": 0.4744186046511628,
        "precision": 0.8413497365160597,
        "recall": 0.4744186046511628,
        "f1_score": 0.5816151434612812,
        "mcc": 0.3487143780861802,