{
    "1": {
        "fit_time": 8.197803735733032,
        "train_loss": 0.6753055928289982,
        "num_train_samples": 85230,
        "model_param_count": 78574,
        "model_size_bytes": 314296,
        "epochs": 5,
        "batch_size": 64,
        "learning_rate": 0.001,
        "optimizer": "sgd",
        "momentum": 0.9,
        "device": "cpu",
        "round_start_time": 1772223293.5499878,
        "target_labels": [
            "0",
            "1",
            "2",
            "3",
            "4",
            "5"
        ],
        "input_features": 74,
        "output_classes": 6,
        "evaluate_time": 0.15689992904663086,
        "inference_time": 0.15689897537231445,
        "test_loss": 0.5388124595529129,
        "accuracy": 0.7666244309915998,
        "precision": 0.8255470700280385,
        "recall": 0.7666244309915998,
        "f1_score": 0.7246229166256517,
        "mcc": 0.7119879720668045,
        "confusion_matrix": [
            [
                0.9624704491725768,
                0.0,
                0.037529550827423167,
                0.0,
                0.0,
                0.0
            ],
            [
                0.5448325531148721,
                0.04717320849837955,
                0.4076341375585164,
                0.0,
                0.00036010082823190496,
                0.0
            ],
            [
                0.13480741797432239,
                0.0011887779362815027,
                0.8640038040893961,
                0.0,
                0.0,
                0.0
            ],
            [
                0.66,
                0.0,
                0.12,
                0.0,
                0.22,
                0.0
            ],
            [
                0.05176584421867441,
                0.0,
                0.299225931301403,
                0.0,
                0.6490082244799226,
                0.0
            ],
            [
                0.0,
                0.0,
                0.0,
                0.0,
                0.0,
                1.0
            ]
        ],
        "confusion_matrix_labels": [
            "0",
            "1",
            "2",
            "3",
            "4",
            "5"
        ],
        "num_test_samples": 21309,
        "round_end_time": 1772223306.2266452,
        "round_time": 0.15689992904663086
    },
    "2": {
        "fit_time": 8.092177391052246,
        "train_loss": 0.36142038407368265,
        "num_train_samples": 85230,
        "model_param_count": 78574,
        "model_size_bytes": 314296,
        "epochs": 5,
        "batch_size": 64,
        "learning_rate": 0.001,
        "optimizer": "sgd",
        "momentum": 0.9,
        "device": "cpu",
        "round_start_time": 1772223306.8799918,
        "target_labels": [
            "0",
            "1",
            "2",
            "3",
            "4",
            "5"
        ],
        "input_features": 74,
        "output_classes": 6
    }
}