{
    "1": {
        "fit_time": 0.1286921501159668,
        "train_loss": 1.6716575914757117,
        "num_train_samples": 1361,
        "model_param_count": 78574,
        "model_size_bytes": 314296,
        "epochs": 5,
        "batch_size": 64,
        "learning_rate": 0.001,
        "optimizer": "sgd",
        "momentum": 0.9,
        "device": "cpu",
        "round_start_time": 1772223302.5591016,
        "target_labels": [
            "0",
            "1",
            "2",
            "3",
            "4",
            "5"
        ],
        "input_features": 74,
        "output_classes": 6,
        "evaluate_time": 0.009958505630493164,
        "inference_time": 0.009958028793334961,
        "test_loss": 0.3349560758482248,
        "accuracy": 0.948014440433213,
        "precision": 0.9673635836985758,
        "recall": 0.948014440433213,
        "f1_score": 0.9483232833664264,
        "mcc": 0.7242586208131716,
        "confusion_matrix": [
            [
                0.965845909451946,
                0.0,
                0.03415409054805401,
                0.0,
                0.0,
                0.0
            ],
            [
                0.5454545454545454,
                0.045454545454545456,
                0.4090909090909091,
                0.0,
                0.0,
                0.0
            ],
            [
                0.16666666666666666,
                0.0,
                0.8333333333333334,
                0.0,
                0.0,
                0.0
            ],
            [
                1.0,
                0.0,
                0.0,
                0.0,
                0.0,
                0.0
            ],
            [
                0.0,
                0.0,
                0.0,
                0.0,
                1.0,
                0.0
            ],
            [
                0.0,
                0.0,
                0.0,
                0.0,
                0.0,
                1.0
            ]
        ],
        "confusion_matrix_labels": [
            "0",
            "1",
            "2",
            "3",
            "4",
            "5"
        ],
        "num_test_samples": 1385,
        "round_end_time": 1772223306.3109336,
        "round_time": 0.009958505630493164
    },
    "2": {
        "fit_time": 0.12711405754089355,
        "train_loss": 0.34209051933426965,
        "num_train_samples": 1361,
        "model_param_count": 78574,
        "model_size_bytes": 314296,
        "epochs": 5,
        "batch_size": 64,
        "learning_rate": 0.001,
        "optimizer": "sgd",
        "momentum": 0.9,
        "device": "cpu",
        "round_start_time": 1772223315.0039382,
        "target_labels": [
            "0",
            "1",
            "2",
            "3",
            "4",
            "5"
        ],
        "input_features": 74,
        "output_classes": 6
    }
}