{
    "1": {
        "fit_time": 0.24805545806884766,
        "train_loss": 1.2351874027506027,
        "num_train_samples": 2630,
        "model_param_count": 78574,
        "model_size_bytes": 314296,
        "epochs": 5,
        "batch_size": 64,
        "learning_rate": 0.001,
        "optimizer": "sgd",
        "momentum": 0.9,
        "device": "cpu",
        "round_start_time": 1772223302.7158341,
        "target_labels": [
            "0",
            "1",
            "2",
            "3",
            "4",
            "5"
        ],
        "input_features": 74,
        "output_classes": 6,
        "evaluate_time": 0.002863645553588867,
        "inference_time": 0.0028629302978515625,
        "test_loss": 0.5429754712016707,
        "accuracy": 0.8433734939759037,
        "precision": 0.8505360238769285,
        "recall": 0.8433734939759037,
        "f1_score": 0.8334105653382762,
        "mcc": 0.7765942234697628,
        "confusion_matrix": [
            [
                0.9534883720930233,
                0.0,
                0.046511627906976744,
                0.0,
                0.0,
                0.0
            ],
            [
                0.0,
                0.5,
                0.5,
                0.0,
                0.0,
                0.0
            ],
            [
                0.11864406779661017,
                0.0,
                0.8813559322033898,
                0.0,
                0.0,
                0.0
            ],
            [
                0.75,
                0.0,
                0.0,
                0.0,
                0.25,
                0.0
            ],
            [
                0.07317073170731707,
                0.0,
                0.36585365853658536,
                0.0,
                0.5609756097560976,
                0.0
            ],
            [
                0.0,
                0.0,
                0.0,
                0.0,
                0.0,
                1.0
            ]
        ],
        "confusion_matrix_labels": [
            "0",
            "1",
            "2",
            "3",
            "4",
            "5"
        ],
        "num_test_samples": 249,
        "round_end_time": 1772223305.3975816,
        "round_time": 0.002863645553588867
    }
}