{
    "1": {
        "fit_time": 26.75255846977234,
        "train_loss": 0.2668948953575717,
        "num_train_samples": 5317,
        "model_param_count": 78574,
        "model_size_bytes": 314296,
        "epochs": 200,
        "batch_size": 64,
        "learning_rate": 0.001,
        "optimizer": "sgd",
        "momentum": 0.9,
        "device": "cpu",
        "round_start_time": 1772224197.9945562,
        "target_labels": [
            "0",
            "1",
            "2",
            "3",
            "4",
            "5"
        ],
        "input_features": 74,
        "output_classes": 6,
        "evaluate_time": 0.023287296295166016,
        "inference_time": 0.02328634262084961,
        "test_loss": 0.5191764615675568,
        "accuracy": 0.6915701158609668,
        "precision": 0.9324344908881257,
        "recall": 0.6915701158609668,
        "f1_score": 0.7473691742886133,
        "mcc": 0.6500444437919047,
        "confusion_matrix": [
            [
                0.9505494505494505,
                0.01098901098901099,
                0.038461538461538464,
                0.0,
                0.0,
                0.0
            ],
            [
                0.4976303317535545,
                0.3909952606635071,
                0.08649289099526067,
                0.0,
                0.024881516587677725,
                0.0
            ],
            [
                0.0,
                0.0,
                1.0,
                0.0,
                0.0,
                0.0
            ],
            [
                0.5,
                0.0,
                0.0,
                0.0,
                0.0,
                0.5
            ],
            [
                0.014652014652014652,
                0.0,
                0.2869352869352869,
                0.0,
                0.6984126984126984,
                0.0
            ],
            [
                0.0,
                0.0,
                0.0,
                0.0,
                0.0,
                1.0
            ]
        ],
        "confusion_matrix_labels": [
            "0",
            "1",
            "2",
            "3",
            "4",
            "5"
        ],
        "num_test_samples": 2503,
        "round_end_time": 1772224687.2946844,
        "round_time": 0.023287296295166016
    },
    "2": {
        "fit_time": 19.715197563171387,
        "train_loss": 0.09924774613445511,
        "num_train_samples": 5317,
        "model_param_count": 78574,
        "model_size_bytes": 314296,
        "epochs": 200,
        "batch_size": 64,
        "learning_rate": 0.001,
        "optimizer": "sgd",
        "momentum": 0.9,
        "device": "cpu",
        "round_start_time": 1772225118.7560344,
        "target_labels": [
            "0",
            "1",
            "2",
            "3",
            "4",
            "5"
        ],
        "input_features": 74,
        "output_classes": 6,
        "evaluate_time": 0.01755380630493164,
        "inference_time": 0.01755356788635254,
        "test_loss": 0.31343423942185095,
        "accuracy": 0.7942469037155413,
        "precision": 0.9521337341403344,
        "recall": 0.7942469037155413,
        "f1_score": 0.8502701157091382,
        "mcc": 0.7509297318331933,
        "confusion_matrix": [
            [
                0.9065934065934066,
                0.016483516483516484,
                0.07692307692307693,
                0.0,
                0.0,
                0.0
            ],
            [
                0.23696682464454977,
                0.6895734597156398,
                0.06516587677725119,
                0.0,
                0.008293838862559242,
                0.0
            ],
            [
                0.0,
                0.0,
                1.0,
                0.0,
                0.0,
                0.0
            ],
            [
                0.0,
                0.0,
                0.0,
                1.0,
                0.0,
                0.0
            ],
            [
                0.014652014652014652,
                0.001221001221001221,
                0.27228327228327226,
                0.0,
                0.7118437118437119,
                0.0
            ],
            [
                0.0,
                0.0,
                0.0,
                0.0,
                0.0,
                1.0
            ]
        ],
        "confusion_matrix_labels": [
            "0",
            "1",
            "2",
            "3",
            "4",
            "5"
        ],
        "num_test_samples": 2503,
        "round_end_time": 1772225138.8531687,
        "round_time": 0.01755380630493164
    },
    "3": {
        "fit_time": 19.431626319885254,
        "train_loss": 0.08728585286140553,
        "num_train_samples": 5317,
        "model_param_count": 78574,
        "model_size_bytes": 314296,
        "epochs": 200,
        "batch_size": 64,
        "learning_rate": 0.001,
        "optimizer": "sgd",
        "momentum": 0.9,
        "device": "cpu",
        "round_start_time": 1772225573.794092,
        "target_labels": [
            "0",
            "1",
            "2",
            "3",
            "4",
            "5"
        ],
        "input_features": 74,
        "output_classes": 6,
        "evaluate_time": 0.01939082145690918,
        "inference_time": 0.019390106201171875,
        "test_loss": 0.29455291080060503,
        "accuracy": 0.7930483419896125,
        "precision": 0.950844981247662,
        "recall": 0.7930483419896125,
        "f1_score": 0.8486223178486059,
        "mcc": 0.7494997175834768,
        "confusion_matrix": [
            [
                0.9120879120879121,
                0.01098901098901099,
                0.07692307692307693,
                0.0,
                0.0,
                0.0
            ],
            [
                0.24170616113744076,
                0.6824644549763034,
                0.06398104265402843,
                0.0,
                0.011848341232227487,
                0.0
            ],
            [
                0.0,
                0.0,
                1.0,
                0.0,
                0.0,
                0.0
            ],
            [
                0.0,
                0.0,
                0.0,
                1.0,
                0.0,
                0.0
            ],
            [
                0.014652014652014652,
                0.001221001221001221,
                0.2698412698412698,
                0.0,
                0.7142857142857143,
                0.0
            ],
            [
                0.0,
                0.0,
                0.0,
                0.0,
                0.0,
                1.0
            ]
        ],
        "confusion_matrix_labels": [
            "0",
            "1",
            "2",
            "3",
            "4",
            "5"
        ],
        "num_test_samples": 2503,
        "round_end_time": 1772225593.3161635,
        "round_time": 0.01939082145690918
    },
    "4": {
        "fit_time": 19.360442876815796,
        "train_loss": 0.08580181232717041,
        "num_train_samples": 5317,
        "model_param_count": 78574,
        "model_size_bytes": 314296,
        "epochs": 200,
        "batch_size": 64,
        "learning_rate": 0.001,
        "optimizer": "sgd",
        "momentum": 0.9,
        "device": "cpu",
        "round_start_time": 1772226030.525244,
        "target_labels": [
            "0",
            "1",
            "2",
            "3",
            "4",
            "5"
        ],
        "input_features": 74,
        "output_classes": 6,
        "evaluate_time": 0.017268657684326172,
        "inference_time": 0.01726818084716797,
        "test_loss": 0.29088082520832215,
        "accuracy": 0.8058330003995205,
        "precision": 0.953465243433125,
        "recall": 0.8058330003995205,
        "f1_score": 0.8601677761621426,
        "mcc": 0.763128188923781,