{
    "1": {
        "fit_time": 12.159211874008179,
        "train_loss": 0.2917865642581437,
        "num_train_samples": 2630,
        "model_param_count": 78574,
        "model_size_bytes": 314296,
        "epochs": 200,
        "batch_size": 64,
        "learning_rate": 0.001,
        "optimizer": "sgd",
        "momentum": 0.9,
        "device": "cpu",
        "round_start_time": 1772224236.4647682,
        "target_labels": [
            "0",
            "1",
            "2",
            "3",
            "4",
            "5"
        ],
        "input_features": 74,
        "output_classes": 6,
        "evaluate_time": 0.0023059844970703125,
        "inference_time": 0.0023055076599121094,
        "test_loss": 0.3477842433146205,
        "accuracy": 0.8554216867469879,
        "precision": 0.8567192747598581,
        "recall": 0.8554216867469879,
        "f1_score": 0.8453883770805138,
        "mcc": 0.7933241259899322,
        "confusion_matrix": [
            [
                0.9767441860465116,
                0.0,
                0.023255813953488372,
                0.0,
                0.0,
                0.0
            ],
            [
                0.0,
                0.5,
                0.5,
                0.0,
                0.0,
                0.0
            ],
            [
                0.1271186440677966,
                0.0,
                0.8728813559322034,
                0.0,
                0.0,
                0.0
            ],
            [
                0.0,
                0.0,
                0.0,
                0.0,
                0.0,
                1.0
            ],
            [
                0.0,
                0.0,
                0.36585365853658536,
                0.0,
                0.6341463414634146,
                0.0
            ],
            [
                0.0,
                0.0,
                0.0,
                0.0,
                0.0,
                1.0
            ]
        ],
        "confusion_matrix_labels": [
            "0",
            "1",
            "2",
            "3",
            "4",
            "5"
        ],
        "num_test_samples": 249,
        "round_end_time": 1772224687.0753543,
        "round_time": 0.0023059844970703125
    },
    "2": {
        "fit_time": 9.615639448165894,
        "train_loss": 0.08149743818570207,
        "num_train_samples": 2630,
        "model_param_count": 78574,
        "model_size_bytes": 314296,
        "epochs": 200,
        "batch_size": 64,
        "learning_rate": 0.001,
        "optimizer": "sgd",
        "momentum": 0.9,
        "device": "cpu",
        "round_start_time": 1772225072.3230684,
        "target_labels": [
            "0",
            "1",
            "2",
            "3",
            "4",
            "5"
        ],
        "input_features": 74,
        "output_classes": 6,
        "evaluate_time": 0.002298593521118164,
        "inference_time": 0.0022978782653808594,
        "test_loss": 0.295783967138773,
        "accuracy": 0.8795180722891566,
        "precision": 0.8917457178769603,
        "recall": 0.8795180722891566,
        "f1_score": 0.8785216948514455,
        "mcc": 0.8257721781942025,
        "confusion_matrix": [
            [
                0.813953488372093,
                0.023255813953488372,
                0.16279069767441862,
                0.0,
                0.0,
                0.0
            ],
            [
                0.0,
                1.0,
                0.0,
                0.0,
                0.0,
                0.0
            ],
            [
                0.0423728813559322,
                0.01694915254237288,
                0.9322033898305084,
                0.0,
                0.00847457627118644,
                0.0
            ],
            [
                0.0,
                0.0,
                0.0,
                1.0,
                0.0,
                0.0
            ],
            [
                0.0,
                0.0,
                0.34146341463414637,
                0.0,
                0.6585365853658537,
                0.0
            ],
            [
                0.0,
                0.0,
                0.0,
                0.0,
                0.0,
                1.0
            ]
        ],
        "confusion_matrix_labels": [
            "0",
            "1",
            "2",
            "3",
            "4",
            "5"
        ],
        "num_test_samples": 249,
        "round_end_time": 1772225138.667684,
        "round_time": 0.002298593521118164
    },
    "3": {
        "fit_time": 9.747570514678955,
        "train_loss": 0.075462370523123,
        "num_train_samples": 2630,
        "model_param_count": 78574,
        "model_size_bytes": 314296,
        "epochs": 200,
        "batch_size": 64,
        "learning_rate": 0.001,
        "optimizer": "sgd",
        "momentum": 0.9,
        "device": "cpu",
        "round_start_time": 1772225564.0013587,
        "target_labels": [
            "0",
            "1",
            "2",
            "3",
            "4",
            "5"
        ],
        "input_features": 74,
        "output_classes": 6,
        "evaluate_time": 0.006122112274169922,
        "inference_time": 0.006120920181274414,
        "test_loss": 0.30553572609960794,
        "accuracy": 0.8795180722891566,
        "precision": 0.8917457178769603,
        "recall": 0.8795180722891566,
        "f1_score": 0.8785216948514455,
        "mcc": 0.8257721781942025,
        "confusion_matrix": [
            [
                0.813953488372093,
                0.023255813953488372,
                0.16279069767441862,
                0.0,
                0.0,
                0.0
            ],
            [
                0.0,
                1.0,
                0.0,
                0.0,
                0.0,
                0.0
            ],
            [
                0.0423728813559322,
                0.01694915254237288,
                0.9322033898305084,
                0.0,
                0.00847457627118644,
                0.0
            ],
            [
                0.0,
                0.0,
                0.0,
                1.0,
                0.0,
                0.0
            ],
            [
                0.0,
                0.0,
                0.34146341463414637,
                0.0,
                0.6585365853658537,
                0.0
            ],
            [
                0.0,
                0.0,
                0.0,
                0.0,
                0.0,
                1.0
            ]
        ],
        "confusion_matrix_labels": [
            "0",
            "1",
            "2",
            "3",
            "4",
            "5"
        ],
        "num_test_samples": 249,
        "round_end_time": 1772225593.3609004,
        "round_time": 0.006122112274169922
    },
    "4": {
        "fit_time": 11.142646074295044,
        "train_loss": 0.0719449298624113,
        "num_train_samples": 2630,
        "model_param_count": 78574,
        "model_size_bytes": 314296,
        "epochs": 200,
        "batch_size": 64,
        "learning_rate": 0.001,
        "optimizer": "sgd",
        "momentum": 0.9,
        "device": "cpu",
        "round_start_time": 1772226019.3342855,
        "target_labels": [
            "0",
            "1",
            "2",
            "3",
            "4",
            "5"
        ],
        "input_features": 74,
        "output_classes": 6,
        "evaluate_time": 0.0024175643920898438,
        "inference_time": 0.0024170875549316406,
        "test_loss": 0.31279078874003935,
        "accuracy": 0.8755020080321285,
        "precision": 0.8906567466072661,
        "recall": 0.8755020080321285,
        "f1_score": 0.8755121334118666,
        "mcc": 0.8201090749560014,