{
    "0": {
        "trees_by_client": 10,
        "aggregation_time": 1.095583438873291,
        "avg_execution_time": 24.75638017654419
    },
    "1": {
        "trees_by_client": 20,
        "aggregation_time": 1.2154216766357422,
        "avg_execution_time": 3.943048930168152
    },
    "2": {
        "trees_by_client": 30,
        "aggregation_time": 1.3042011260986328,
        "avg_execution_time": 4.92878749370575
    },
    "3": {
        "trees_by_client": 40,
        "aggregation_time": 1.3990421295166016,
        "avg_execution_time": 6.0002587795257565
    },
    "4": {
        "trees_by_client": 50,
        "aggregation_time": 1.5417938232421875,
        "avg_execution_time": 7.148047423362732
    },
    "5": {
        "trees_by_client": 60,
        "aggregation_time": 1.6257400512695312,
        "avg_execution_time": 8.202041530609131
    },
    "6": {
        "trees_by_client": 70,
        "aggregation_time": 1.7468593120574951,
        "avg_execution_time": 9.50131106376648
    },
    "7": {
        "trees_by_client": 80,
        "aggregation_time": 1.901618242263794,
        "avg_execution_time": 11.600546646118165
    },
    "8": {
        "trees_by_client": 90,
        "aggregation_time": 1.9701902866363525,
        "avg_execution_time": 12.260158276557922
    },
    "9": {
        "trees_by_client": 100,
        "aggregation_time": 2.1404824256896973,
        "avg_execution_time": 13.43002667427063
    },
    "10": {
        "trees_by_client": 110,
        "aggregation_time": 2.245404005050659,
        "avg_execution_time": 14.637695932388306
    },
    "11": {
        "trees_by_client": 120,
        "aggregation_time": 2.324646472930908,
        "avg_execution_time": 15.89823133945465
    },
    "12": {
        "trees_by_client": 130,
        "aggregation_time": 2.4430782794952393,
        "avg_execution_time": 17.0140362739563
    },
    "13": {
        "trees_by_client": 140,
        "aggregation_time": 2.586974620819092,
        "avg_execution_time": 18.744218349456787
    },
    "14": {
        "trees_by_client": 150,
        "aggregation_time": 2.7192025184631348,
        "avg_execution_time": 19.62656807899475
    },
    "15": {
        "trees_by_client": 160,
        "aggregation_time": 2.8350274562835693,
        "avg_execution_time": 20.935382556915282
    },
    "16": {
        "trees_by_client": 170,
        "aggregation_time": 2.9269864559173584,
        "avg_execution_time": 23.07631630897522
    },
    "17": {
        "trees_by_client": 180,
        "aggregation_time": 3.053985118865967,
        "avg_execution_time": 24.743375635147096
    },
    "18": {
        "trees_by_client": 190,
        "aggregation_time": 3.824185848236084,
        "avg_execution_time": 28.40206894874573
    },
    "19": {
        "trees_by_client": 200,
        "aggregation_time": 3.6845929622650146,
        "avg_execution_time": 30.528450179100037
    },
    "20": {
        "trees_by_client": 210,
        "aggregation_time": 3.4573123455047607,
        "avg_execution_time": 27.525290274620055
    },
    "21": {
        "trees_by_client": 220,
        "aggregation_time": 3.4793906211853027,
        "avg_execution_time": 29.49574818611145
    },
    "22": {
        "trees_by_client": 230,
        "aggregation_time": 3.657093048095703,
        "avg_execution_time": 31.770883870124816
    },
    "23": {
        "trees_by_client": 240,
        "aggregation_time": 4.106964111328125,
        "avg_execution_time": 35.00077226161957
    },
    "24": {
        "trees_by_client": 250,
        "aggregation_time": 4.474551200866699,
        "avg_execution_time": 40.18382155895233
    },
    "25": {
        "trees_by_client": 260,
        "aggregation_time": 4.566584825515747,
        "avg_execution_time": 42.75781850814819
    },
    "26": {
        "trees_by_client": 270,
        "aggregation_time": 4.61818265914917,
        "avg_execution_time": 44.37593865394592
    },
    "27": {
        "trees_by_client": 280,
        "aggregation_time": 4.618875503540039,
        "avg_execution_time": 44.52154974937439
    },
    "28": {
        "trees_by_client": 290,
        "aggregation_time": 4.756979465484619,
        "avg_execution_time": 48.121584796905516
    },
    "29": {
        "trees_by_client": 300,
        "aggregation_time": 4.861692905426025,
        "avg_execution_time": 49.63813421726227
    },
    "30": {
        "trees_by_client": 310,
        "aggregation_time": 5.048980236053467,
        "avg_execution_time": 51.297392797470096
    },
    "31": {
        "trees_by_client": 320,
        "aggregation_time": 5.18134880065918,
        "avg_execution_time": 51.85079452991486
    },
    "32": {
        "trees_by_client": 330,
        "aggregation_time": 5.586022615432739,
        "avg_execution_time": 56.120998764038085
    },
    "33": {
        "trees_by_client": 340,
        "aggregation_time": 5.239165782928467,
        "avg_execution_time": 54.80591983795166
    },
    "34": {
        "trees_by_client": 350,
        "aggregation_time": 5.696920871734619,
        "avg_execution_time": 62.44064736366272
    },
    "35": {
        "trees_by_client": 360,
        "aggregation_time": 5.7885613441467285,
        "avg_execution_time": 63.09172530174256
    },
    "36": {
        "trees_by_client": 370,
        "aggregation_time": 5.821288347244263,
        "avg_execution_time": 65.06453893184661
    },
    "37": {
        "trees_by_client": 380,
        "aggregation_time": 6.045067548751831,
        "avg_execution_time": 65.76094915866852
    },
    "38": {
        "trees_by_client": 390,
        "aggregation_time": 6.291980028152466,
        "avg_execution_time": 71.02083525657653
    },
    "39": {
        "trees_by_client": 400,
        "aggregation_time": 6.166705846786499,
        "avg_execution_time": 71.74906024932861
    }
}