{
    "2": {
        "evaluate_time": 0.003337860107421875,
        "inference_time": 0.0033369064331054688,
        "test_loss": 0.7759438616683684,
        "accuracy": 0.6586345381526104,
        "precision": 0.8478638054522237,
        "recall": 0.6586345381526104,
        "f1_score": 0.7306929593613642,
        "mcc": 0.5841787987738392,
        "confusion_matrix": [
            [
                0.4418604651162791,
                0.46511627906976744,
                0.0,
                0.0,
                0.09302325581395349,
                0.0
            ],
            [
                0.0,
                1.0,
                0.0,
                0.0,
                0.0,
                0.0
            ],
            [
                0.0423728813559322,
                0.3135593220338983,
                0.635593220338983,
                0.0,
                0.00847457627118644,
                0.0
            ],
            [
                0.0,
                0.0,
                0.0,
                1.0,
                0.0,
                0.0
            ],
            [
                0.0,
                0.07317073170731707,
                0.36585365853658536,
                0.0,
                0.5609756097560976,
                0.0
            ],
            [
                0.0,
                0.0,
                0.0,
                0.0,
                0.0,
                1.0
            ]
        ],
        "confusion_matrix_labels": [
            "0",
            "1",
            "2",
            "3",
            "4",
            "5"
        ],
        "num_test_samples": 249,
        "round_end_time": 1772223213.2495525,
        "round_time": 0.003337860107421875
    },
    "4": {
        "fit_time": 0.2816791534423828,
        "train_loss": 0.6786911462192616,
        "num_train_samples": 2630,
        "model_param_count": 7078,
        "model_size_bytes": 28312,
        "epochs": 5,
        "batch_size": 64,
        "learning_rate": 0.001,
        "round_start_time": 1772223214.4766223,
        "target_labels": [
            "0",
            "1",
            "2",
            "3",
            "4",
            "5"
        ],
        "input_features": 74,
        "output_classes": 6,
        "evaluate_time": 0.0037927627563476562,
        "inference_time": 0.0037915706634521484,
        "test_loss": 0.6275668153801117,
        "accuracy": 0.6305220883534136,
        "precision": 0.7784251094943905,
        "recall": 0.6305220883534136,
        "f1_score": 0.6378900720195296,
        "mcc": 0.565039812304713,
        "confusion_matrix": [
            [
                0.4418604651162791,
                0.0,
                0.3023255813953488,
                0.0,
                0.2558139534883721,
                0.0
            ],
            [
                0.0,
                0.0,
                1.0,
                0.0,
                0.0,
                0.0
            ],
            [
                0.0,
                0.0,
                0.4406779661016949,
                0.0,
                0.559322033898305,
                0.0
            ],
            [
                0.0,
                0.0,
                0.0,
                1.0,
                0.0,
                0.0
            ],
            [
                0.0,
                0.0,
                0.0,
                0.0,
                1.0,
                0.0
            ],
            [
                0.0,
                0.0,
                0.0,
                0.0,
                0.0,
                1.0
            ]
        ],
        "confusion_matrix_labels": [
            "0",
            "1",
            "2",
            "3",
            "4",
            "5"
        ],
        "num_test_samples": 249,
        "round_end_time": 1772223215.4650333,
        "round_time": 0.0037927627563476562
    },
    "6": {
        "fit_time": 0.24142765998840332,
        "train_loss": 0.6800505859591421,
        "num_train_samples": 2630,
        "model_param_count": 7078,
        "model_size_bytes": 28312,
        "epochs": 5,
        "batch_size": 64,
        "learning_rate": 0.001,
        "round_start_time": 1772223218.573669,
        "target_labels": [
            "0",
            "1",
            "2",
            "3",
            "4",
            "5"
        ],
        "input_features": 74,
        "output_classes": 6
    },
    "7": {
        "evaluate_time": 0.012305974960327148,
        "inference_time": 0.01230478286743164,
        "test_loss": 1.1026511608836163,
        "accuracy": 0.8232931726907631,
        "precision": 0.8677236718994226,
        "recall": 0.8232931726907631,
        "f1_score": 0.8114677072466853,
        "mcc": 0.7503182499566471,
        "confusion_matrix": [
            [
                0.3488372093023256,
                0.18604651162790697,
                0.2558139534883721,
                0.0,
                0.16279069767441862,
                0.046511627906976744
            ],
            [
                0.0,
                1.0,
                0.0,
                0.0,
                0.0,
                0.0
            ],
            [
                0.0,
                0.01694915254237288,
                0.9830508474576272,
                0.0,
                0.0,
                0.0
            ],
            [
                0.0,
                0.0,
                0.0,
                1.0,
                0.0,
                0.0
            ],
            [
                0.0,
                0.0,
                0.34146341463414637,
                0.0,
                0.6585365853658537,
                0.0
            ],
            [
                0.0,
                0.0,
                0.0,
                0.0,
                0.0,
                1.0
            ]
        ],
        "confusion_matrix_labels": [
            "0",
            "1",
            "2",
            "3",
            "4",
            "5"
        ],
        "num_test_samples": 249,
        "round_end_time": 1772223227.1431189,
        "round_time": 0.012305974960327148
    },
    "8": {
        "evaluate_time": 0.002766132354736328,
        "inference_time": 0.0027658939361572266,
        "test_loss": 1.4092243928985901,
        "accuracy": 0.7991967871485943,
        "precision": 0.8564260418913072,
        "recall": 0.7991967871485943,
        "f1_score": 0.7810380344053705,
        "mcc": 0.7176157366793774,
        "confusion_matrix": [
            [
                0.27906976744186046,
                0.23255813953488372,
                0.2558139534883721,
                0.0,
                0.09302325581395349,
                0.13953488372093023
            ],
            [
                0.0,
                1.0,
                0.0,
                0.0,
                0.0,
                0.0
            ],
            [
                0.0,
                0.01694915254237288,
                0.9830508474576272,
                0.0,
                0.0,
                0.0
            ],
            [
                0.0,
                0.0,
                0.0,
                1.0,
                0.0,
                0.0
            ],
            [
                0.0,
                0.0,
                0.4146341463414634,
                0.0,
                0.5853658536585366,
                0.0
            ],
            [
                0.0,
                0.0,
                0.0,
                0.0,
                0.0,
                1.0
            ]
        ],
        "confusion_matrix_labels": [
            "0",
            "1",
            "2",
            "3",
            "4",
            "5"
        ],
        "num_test_samples": 249,
        "round_end_time": 1772223227.99474,
        "round_time": 0.002766132354736328
    },
    "9": {
        "evaluate_time": 0.003412961959838867,
        "inference_time": 0.0034112930297851562,