{
    "1": {
        "fit_time": 10.815478324890137,
        "train_loss": 0.30867885907671855,
        "num_train_samples": 2912,
        "model_param_count": 78574,
        "model_size_bytes": 314296,
        "epochs": 200,
        "batch_size": 64,
        "learning_rate": 0.001,
        "optimizer": "sgd",
        "momentum": 0.9,
        "device": "cpu",
        "round_start_time": 1772224656.9847834,
        "target_labels": [
            "0",
            "1",
            "2",
            "3",
            "4",
            "5"
        ],
        "input_features": 74,
        "output_classes": 6,
        "evaluate_time": 0.008892059326171875,
        "inference_time": 0.008891582489013672,
        "test_loss": 0.18692920506716348,
        "accuracy": 0.9311449159327462,
        "precision": 0.9365554408387358,
        "recall": 0.9311449159327462,
        "f1_score": 0.9306246345456808,
        "mcc": 0.8972882237643409,
        "confusion_matrix": [
            [
                0.9587301587301588,
                0.0031746031746031746,
                0.03492063492063492,
                0.0,
                0.0031746031746031746,
                0.0
            ],
            [
                0.3333333333333333,
                0.6666666666666666,
                0.0,
                0.0,
                0.0,
                0.0
            ],
            [
                0.16442048517520216,
                0.0,
                0.8194070080862533,
                0.0,
                0.016172506738544475,
                0.0
            ],
            [
                0.25,
                0.0,
                0.0,
                0.0,
                0.0,
                0.75
            ],
            [
                0.0,
                0.0,
                0.25,
                0.0,
                0.75,
                0.0
            ],
            [
                0.0,
                0.0,
                0.0,
                0.0,
                0.0,
                1.0
            ]
        ],
        "confusion_matrix_labels": [
            "0",
            "1",
            "2",
            "3",
            "4",
            "5"
        ],
        "num_test_samples": 1249,
        "round_end_time": 1772224686.9422328,
        "round_time": 0.008892059326171875
    },
    "2": {
        "fit_time": 10.545965671539307,
        "train_loss": 0.08158420438761822,
        "num_train_samples": 2912,
        "model_param_count": 78574,
        "model_size_bytes": 314296,
        "epochs": 200,
        "batch_size": 64,
        "learning_rate": 0.001,
        "optimizer": "sgd",
        "momentum": 0.9,
        "device": "cpu",
        "round_start_time": 1772224717.645686,
        "target_labels": [
            "0",
            "1",
            "2",
            "3",
            "4",
            "5"
        ],
        "input_features": 74,
        "output_classes": 6,
        "evaluate_time": 0.008894205093383789,
        "inference_time": 0.008893728256225586,
        "test_loss": 0.1473219022274113,
        "accuracy": 0.9687750200160128,
        "precision": 0.9721904343063306,
        "recall": 0.9687750200160128,
        "f1_score": 0.9696758513559489,
        "mcc": 0.9525724338719553,
        "confusion_matrix": [
            [
                0.9142857142857143,
                0.0031746031746031746,
                0.08253968253968254,
                0.0,
                0.0,
                0.0
            ],
            [
                0.0,
                1.0,
                0.0,
                0.0,
                0.0,
                0.0
            ],
            [
                0.013477088948787063,
                0.01078167115902965,
                0.9703504043126685,
                0.0,
                0.005390835579514825,
                0.0
            ],
            [
                0.0,
                0.0,
                0.0,
                1.0,
                0.0,
                0.0
            ],
            [
                0.0,
                0.0,
                0.25,
                0.0,
                0.75,
                0.0
            ],
            [
                0.0,
                0.0,
                0.0,
                0.0,
                0.0,
                1.0
            ]
        ],
        "confusion_matrix_labels": [
            "0",
            "1",
            "2",
            "3",
            "4",
            "5"
        ],
        "num_test_samples": 1249,
        "round_end_time": 1772225138.6298828,
        "round_time": 0.008894205093383789
    },
    "3": {
        "fit_time": 10.712879180908203,
        "train_loss": 0.0740048381852902,
        "num_train_samples": 2912,
        "model_param_count": 78574,
        "model_size_bytes": 314296,
        "epochs": 200,
        "batch_size": 64,
        "learning_rate": 0.001,
        "optimizer": "sgd",
        "momentum": 0.9,
        "device": "cpu",
        "round_start_time": 1772225162.7055347,
        "target_labels": [
            "0",
            "1",
            "2",
            "3",
            "4",
            "5"
        ],
        "input_features": 74,
        "output_classes": 6,
        "evaluate_time": 0.01225733757019043,
        "inference_time": 0.012256860733032227,
        "test_loss": 0.15071702243281518,
        "accuracy": 0.9695756605284227,
        "precision": 0.9722238295192643,
        "recall": 0.9695756605284227,
        "f1_score": 0.9701644624762981,
        "mcc": 0.9537906537101459,
        "confusion_matrix": [
            [
                0.9142857142857143,
                0.0031746031746031746,
                0.08253968253968254,
                0.0,
                0.0,
                0.0
            ],
            [
                0.0,
                1.0,
                0.0,
                0.0,
                0.0,
                0.0
            ],
            [
                0.013477088948787063,
                0.005390835579514825,
                0.9730458221024259,
                0.0,
                0.008086253369272238,
                0.0
            ],
            [
                0.0,
                0.0,
                0.0,
                1.0,
                0.0,
                0.0
            ],
            [
                0.0,
                0.0,
                0.25,
                0.0,
                0.75,
                0.0
            ],
            [
                0.0,
                0.0,
                0.0,
                0.0,
                0.0,
                1.0
            ]
        ],
        "confusion_matrix_labels": [
            "0",
            "1",
            "2",
            "3",
            "4",
            "5"
        ],
        "num_test_samples": 1249,
        "round_end_time": 1772225594.4446044,
        "round_time": 0.01225733757019043
    },
    "4": {
        "fit_time": 10.821882724761963,
        "train_loss": 0.07053225310231498,
        "num_train_samples": 2912,
        "model_param_count": 78574,
        "model_size_bytes": 314296,
        "epochs": 200,
        "batch_size": 64,
        "learning_rate": 0.001,
        "optimizer": "sgd",
        "momentum": 0.9,
        "device": "cpu",
        "round_start_time": 1772225939.9823909,
        "target_labels": [
            "0",
            "1",
            "2",
            "3",
            "4",
            "5"
        ],
        "input_features": 74,
        "output_classes": 6,
        "evaluate_time": 0.009206295013427734,
        "inference_time": 0.009205818176269531,
        "test_loss": 0.15311031820799847,
        "accuracy": 0.9639711769415532,
        "precision": 0.9713953406647199,
        "recall": 0.9639711769415532,
        "f1_score": 0.9664395800241999,
        "mcc": 0.9454590417732268,