{
    "1": {
        "fit_time": 0.7841432094573975,
        "train_loss": 1.0318960421063548,
        "num_train_samples": 8308,
        "model_param_count": 78574,
        "model_size_bytes": 314296,
        "epochs": 5,
        "batch_size": 64,
        "learning_rate": 0.001,
        "optimizer": "sgd",
        "momentum": 0.9,
        "device": "cpu",
        "round_start_time": 1772223303.0182092,
        "target_labels": [
            "0",
            "1",
            "2",
            "3",
            "4",
            "5"
        ],
        "input_features": 74,
        "output_classes": 6,
        "evaluate_time": 0.0026369094848632812,
        "inference_time": 0.0026361942291259766,
        "test_loss": 0.5124042272567749,
        "accuracy": 0.9023255813953488,
        "precision": 0.8864457831325301,
        "recall": 0.9023255813953488,
        "f1_score": 0.8936481179118309,
        "mcc": 0.8107925075177251,
        "confusion_matrix": [
            [
                0.95,
                0.0,
                0.05,
                0.0,
                0.0,
                0.0
            ],
            [
                1.0,
                0.0,
                0.0,
                0.0,
                0.0,
                0.0
            ],
            [
                0.11494252873563218,
                0.0,
                0.8850574712643678,
                0.0,
                0.0,
                0.0
            ],
            [
                0.5,
                0.0,
                0.0,
                0.0,
                0.5,
                0.0
            ],
            [
                0.5,
                0.0,
                0.0,
                0.0,
                0.5,
                0.0
            ],
            [
                0.0,
                0.0,
                0.0,
                0.0,
                0.0,
                1.0
            ]
        ],
        "confusion_matrix_labels": [
            "0",
            "1",
            "2",
            "3",
            "4",
            "5"
        ],
        "num_test_samples": 215,
        "round_end_time": 1772223305.2574463,
        "round_time": 0.0026369094848632812
    },
    "2": {
        "fit_time": 0.7755146026611328,
        "train_loss": 0.20621420032827684,
        "num_train_samples": 8308,
        "model_param_count": 78574,
        "model_size_bytes": 314296,
        "epochs": 5,
        "batch_size": 64,
        "learning_rate": 0.001,
        "optimizer": "sgd",
        "momentum": 0.9,
        "device": "cpu",
        "round_start_time": 1772223315.325429,
        "target_labels": [
            "0",
            "1",
            "2",
            "3",
            "4",
            "5"
        ],
        "input_features": 74,
        "output_classes": 6
    }
}