{
    "1": {
        "fit_time": 41.06066679954529,
        "train_loss": 0.24914607598708902,
        "num_train_samples": 8668,
        "model_param_count": 78574,
        "model_size_bytes": 314296,
        "epochs": 200,
        "batch_size": 64,
        "learning_rate": 0.001,
        "optimizer": "sgd",
        "momentum": 0.9,
        "device": "cpu",
        "round_start_time": 1772224248.7233052,
        "target_labels": [
            "0",
            "1",
            "2",
            "3",
            "4",
            "5"
        ],
        "input_features": 74,
        "output_classes": 6,
        "evaluate_time": 0.013981342315673828,
        "inference_time": 0.013981103897094727,
        "test_loss": 0.43474618337487664,
        "accuracy": 0.8138440860215054,
        "precision": 0.8842341287810256,
        "recall": 0.8138440860215054,
        "f1_score": 0.8315826046509132,
        "mcc": 0.6071266840225464,
        "confusion_matrix": [
            [
                0.9609375,
                0.0,
                0.0390625,
                0.0,
                0.0,
                0.0
            ],
            [
                0.47368421052631576,
                0.4473684210526316,
                0.07894736842105263,
                0.0,
                0.0,
                0.0
            ],
            [
                0.15518744551002617,
                0.0,
                0.8291194420226679,
                0.0,
                0.015693112467306015,
                0.0
            ],
            [
                0.5,
                0.0,
                0.0,
                0.0,
                0.0,
                0.5
            ],
            [
                0.01282051282051282,
                0.0,
                0.3269230769230769,
                0.0,
                0.6602564102564102,
                0.0
            ],
            [
                0.0,
                0.0,
                0.0,
                0.0,
                0.0,
                1.0
            ]
        ],
        "confusion_matrix_labels": [
            "0",
            "1",
            "2",
            "3",
            "4",
            "5"
        ],
        "num_test_samples": 1488,
        "round_end_time": 1772224687.2132668,
        "round_time": 0.013981342315673828
    },
    "2": {
        "fit_time": 31.552907705307007,
        "train_loss": 0.16245055671284267,
        "num_train_samples": 8668,
        "model_param_count": 78574,
        "model_size_bytes": 314296,
        "epochs": 200,
        "batch_size": 64,
        "learning_rate": 0.001,
        "optimizer": "sgd",
        "momentum": 0.9,
        "device": "cpu",
        "round_start_time": 1772225082.005285,
        "target_labels": [
            "0",
            "1",
            "2",
            "3",
            "4",
            "5"
        ],
        "input_features": 74,
        "output_classes": 6,
        "evaluate_time": 0.01067805290222168,
        "inference_time": 0.010677099227905273,
        "test_loss": 0.3539290572366407,
        "accuracy": 0.9200268817204301,
        "precision": 0.9259015142770284,
        "recall": 0.9200268817204301,
        "f1_score": 0.919521542056585,
        "mcc": 0.7918974904862078,
        "confusion_matrix": [
            [
                0.890625,
                0.0078125,
                0.1015625,
                0.0,
                0.0,
                0.0
            ],
            [
                0.23684210526315788,
                0.7631578947368421,
                0.0,
                0.0,
                0.0,
                0.0
            ],
            [
                0.02964254577157803,
                0.008718395815170008,
                0.9590235396687009,
                0.0,
                0.0026155187445510027,
                0.0
            ],
            [
                0.0,
                0.0,
                0.0,
                1.0,
                0.0,
                0.0
            ],
            [
                0.01282051282051282,
                0.0,
                0.30128205128205127,
                0.0,
                0.6858974358974359,
                0.0
            ],
            [
                0.0,
                0.0,
                0.0,
                0.0,
                0.0,
                1.0
            ]
        ],
        "confusion_matrix_labels": [
            "0",
            "1",
            "2",
            "3",
            "4",
            "5"
        ],
        "num_test_samples": 1488,
        "round_end_time": 1772225138.7448716,
        "round_time": 0.01067805290222168
    },
    "3": {
        "fit_time": 32.04056453704834,
        "train_loss": 0.15719972257923556,
        "num_train_samples": 8668,
        "model_param_count": 78574,
        "model_size_bytes": 314296,
        "epochs": 200,
        "batch_size": 64,
        "learning_rate": 0.001,
        "optimizer": "sgd",
        "momentum": 0.9,
        "device": "cpu",
        "round_start_time": 1772225209.0409458,
        "target_labels": [
            "0",
            "1",
            "2",
            "3",
            "4",
            "5"
        ],
        "input_features": 74,
        "output_classes": 6,
        "evaluate_time": 0.014760017395019531,
        "inference_time": 0.014759540557861328,
        "test_loss": 0.3623061462115216,
        "accuracy": 0.9173387096774194,
        "precision": 0.9234034373024421,
        "recall": 0.9173387096774194,
        "f1_score": 0.9170515557692493,
        "mcc": 0.7857569693094403,
        "confusion_matrix": [
            [
                0.890625,
                0.0078125,
                0.1015625,
                0.0,
                0.0,
                0.0
            ],
            [
                0.23684210526315788,
                0.7631578947368421,
                0.0,
                0.0,
                0.0,
                0.0
            ],
            [
                0.03312990409764603,
                0.006974716652136007,
                0.955536181342633,
                0.0,
                0.004359197907585004,
                0.0
            ],
            [
                0.0,
                0.0,
                0.0,
                1.0,
                0.0,
                0.0
            ],
            [
                0.01282051282051282,
                0.0,
                0.30128205128205127,
                0.0,
                0.6858974358974359,
                0.0
            ],
            [
                0.0,
                0.0,
                0.0,
                0.0,
                0.0,
                1.0
            ]
        ],
        "confusion_matrix_labels": [
            "0",
            "1",
            "2",
            "3",
            "4",
            "5"
        ],
        "num_test_samples": 1488,
        "round_end_time": 1772225594.5216808,
        "round_time": 0.014760017395019531
    },
    "4": {
        "fit_time": 31.832685947418213,
        "train_loss": 0.15549570815444955,
        "num_train_samples": 8668,
        "model_param_count": 78574,
        "model_size_bytes": 314296,
        "epochs": 200,
        "batch_size": 64,
        "learning_rate": 0.001,
        "optimizer": "sgd",
        "momentum": 0.9,
        "device": "cpu",
        "round_start_time": 1772225955.7892613,
        "target_labels": [
            "0",
            "1",
            "2",
            "3",
            "4",
            "5"
        ],
        "input_features": 74,
        "output_classes": 6,
        "evaluate_time": 0.011189699172973633,
        "inference_time": 0.01118922233581543,
        "test_loss": 0.3598162942035224,
        "accuracy": 0.9166666666666666,
        "precision": 0.9221585834405818,
        "recall": 0.9166666666666666,
        "f1_score": 0.9164085418342512,
        "mcc": 0.7831772435462461,