{
    "1": {
        "fit_time": 1.3020975589752197,
        "train_loss": 5.055460846942404,
        "num_train_samples": 1288,
        "model_param_count": 7078,
        "model_size_bytes": 28312,
        "epochs": 5,
        "batch_size": 64,
        "learning_rate": 0.001,
        "round_start_time": 1772223210.429314,
        "target_labels": [
            "0",
            "1",
            "2",
            "3",
            "4",
            "5"
        ],
        "input_features": 74,
        "output_classes": 6,
        "evaluate_time": 0.0036170482635498047,
        "inference_time": 0.0036163330078125,
        "test_loss": 2.026242413648395,
        "accuracy": 0.06688963210702341,
        "precision": 0.007909422427216657,
        "recall": 0.06688963210702341,
        "f1_score": 0.0129393366282492,
        "mcc": 0.10029798853146166,
        "confusion_matrix": [
            [
                0.8461538461538461,
                0.0,
                0.15384615384615385,
                0.0,
                0.0,
                0.0
            ],
            [
                0.5313653136531366,
                0.0,
                0.46863468634686345,
                0.0,
                0.0,
                0.0
            ],
            [
                0.2222222222222222,
                0.0,
                0.7777777777777778,
                0.0,
                0.0,
                0.0
            ],
            [
                0.0,
                0.0,
                0.0,
                0.0,
                0.0,
                1.0
            ],
            [
                0.5,
                0.0,
                0.5,
                0.0,
                0.0,
                0.0
            ],
            [
                0.0,
                0.0,
                0.0,
                0.0,
                0.0,
                1.0
            ]
        ],
        "confusion_matrix_labels": [
            "0",
            "1",
            "2",
            "3",
            "4",
            "5"
        ],
        "num_test_samples": 299,
        "round_end_time": 1772223212.4407055,
        "round_time": 0.0036170482635498047
    },
    "2": {
        "evaluate_time": 0.0024383068084716797,
        "inference_time": 0.0024378299713134766,
        "test_loss": 0.35942445690416575,
        "accuracy": 0.8260869565217391,
        "precision": 0.9376022528196442,
        "recall": 0.8260869565217391,
        "f1_score": 0.8682467068375231,
        "mcc": 0.4602506823999813,
        "confusion_matrix": [
            [
                0.7692307692307693,
                0.23076923076923078,
                0.0,
                0.0,
                0.0,
                0.0
            ],
            [
                0.16236162361623616,
                0.8376383763837638,
                0.0,
                0.0,
                0.0,
                0.0
            ],
            [
                0.2222222222222222,
                0.0,
                0.6666666666666666,
                0.0,
                0.1111111111111111,
                0.0
            ],
            [
                0.0,
                0.0,
                0.0,
                1.0,
                0.0,
                0.0
            ],
            [
                0.0,
                0.5,
                0.5,
                0.0,
                0.0,
                0.0
            ],
            [
                0.0,
                0.0,
                0.0,
                0.0,
                0.0,
                1.0
            ]
        ],
        "confusion_matrix_labels": [
            "0",
            "1",
            "2",
            "3",
            "4",
            "5"
        ],
        "num_test_samples": 299,
        "round_end_time": 1772223213.2926538,
        "round_time": 0.0024383068084716797
    },
    "4": {
        "evaluate_time": 0.0031981468200683594,
        "inference_time": 0.0031976699829101562,
        "test_loss": 2.0485303405933952,
        "accuracy": 0.09698996655518395,
        "precision": 0.9241609098109611,
        "recall": 0.09698996655518395,
        "f1_score": 0.09213757738561162,
        "mcc": 0.09145928419367877,
        "confusion_matrix": [
            [
                0.8461538461538461,
                0.0,
                0.15384615384615385,
                0.0,
                0.0,
                0.0
            ],
            [
                0.5129151291512916,
                0.04059040590405904,
                0.4280442804428044,
                0.0,
                0.01845018450184502,
                0.0
            ],
            [
                0.2222222222222222,
                0.0,
                0.1111111111111111,
                0.0,
                0.6666666666666666,
                0.0
            ],
            [
                0.0,
                0.0,
                0.0,
                1.0,
                0.0,
                0.0
            ],
            [
                0.0,
                0.0,
                0.0,
                0.0,
                1.0,
                0.0
            ],
            [
                0.0,
                0.0,
                0.0,
                0.0,
                0.0,
                1.0
            ]
        ],
        "confusion_matrix_labels": [
            "0",
            "1",
            "2",
            "3",
            "4",
            "5"
        ],
        "num_test_samples": 299,
        "round_end_time": 1772223215.3867362,
        "round_time": 0.0031981468200683594
    },
    "7": {
        "evaluate_time": 0.008659124374389648,
        "inference_time": 0.008658170700073242,
        "test_loss": 0.27327016753496536,
        "accuracy": 0.8762541806020067,
        "precision": 0.9255760657840691,
        "recall": 0.8762541806020067,
        "f1_score": 0.89462896606168,
        "mcc": 0.5167101266050623,
        "confusion_matrix": [
            [
                0.6923076923076923,
                0.3076923076923077,
                0.0,
                0.0,
                0.0,
                0.0
            ],
            [
                0.06642066420664207,
                0.8966789667896679,
                0.03690036900369004,
                0.0,
                0.0,
                0.0
            ],
            [
                0.2222222222222222,
                0.0,
                0.6666666666666666,
                0.0,
                0.1111111111111111,
                0.0
            ],
            [
                0.0,
                0.0,
                0.0,
                1.0,
                0.0,
                0.0
            ],
            [
                0.0,
                0.5,
                0.5,
                0.0,
                0.0,
                0.0
            ],
            [
                0.0,
                0.0,
                0.0,
                0.0,
                0.0,
                1.0
            ]
        ],
        "confusion_matrix_labels": [
            "0",
            "1",
            "2",
            "3",
            "4",
            "5"
        ],
        "num_test_samples": 299,
        "round_end_time": 1772223227.0380762,
        "round_time": 0.008659124374389648
    },
    "8": {
        "fit_time": 0.2663843631744385,
        "train_loss": 1.6977923215361115,
        "num_train_samples": 1288,
        "model_param_count": 7078,
        "model_size_bytes": 28312,
        "epochs": 5,
        "batch_size": 64,
        "learning_rate": 0.001,
        "round_start_time": 1772223227.186799,
        "target_labels": [
            "0",
            "1",
            "2",
            "3",
            "4",
            "5"
        ],
        "input_features": 74,
        "output_classes": 6,
        "evaluate_time": 0.002731800079345703,
        "inference_time": 0.002730846405029297,
        "test_loss": 0.40252114398822336,