{
    "1": {
        "fit_time": 17.96027159690857,
        "train_loss": 0.36014096477650775,
        "num_train_samples": 4855,
        "model_param_count": 78574,
        "model_size_bytes": 314296,
        "epochs": 200,
        "batch_size": 64,
        "learning_rate": 0.001,
        "optimizer": "sgd",
        "momentum": 0.9,
        "device": "cpu",
        "round_start_time": 1772224667.8487637,
        "target_labels": [
            "0",
            "1",
            "2",
            "3",
            "4",
            "5"
        ],
        "input_features": 74,
        "output_classes": 6,
        "evaluate_time": 0.008350849151611328,
        "inference_time": 0.008350372314453125,
        "test_loss": 0.31272263870094763,
        "accuracy": 0.7793560606060606,
        "precision": 0.9718476016116155,
        "recall": 0.7793560606060606,
        "f1_score": 0.8569160598762651,
        "mcc": 0.6903547169780258,
        "confusion_matrix": [
            [
                0.9423076923076923,
                0.004807692307692308,
                0.03365384615384615,
                0.0,
                0.019230769230769232,
                0.0
            ],
            [
                0.3333333333333333,
                0.5,
                0.16666666666666666,
                0.0,
                0.0,
                0.0
            ],
            [
                0.0,
                0.0,
                1.0,
                0.0,
                0.0,
                0.0
            ],
            [
                0.5,
                0.0,
                0.0,
                0.0,
                0.0,
                0.5
            ],
            [
                0.017639077340569877,
                0.0,
                0.27544097693351427,
                0.0,
                0.7069199457259159,
                0.0
            ],
            [
                0.0,
                0.0,
                0.0,
                0.0,
                0.0,
                1.0
            ]
        ],
        "confusion_matrix_labels": [
            "0",
            "1",
            "2",
            "3",
            "4",
            "5"
        ],
        "num_test_samples": 1056,
        "round_end_time": 1772224687.1319838,
        "round_time": 0.008350849151611328
    },
    "2": {
        "fit_time": 17.476536989212036,
        "train_loss": 0.16682923295738292,
        "num_train_samples": 4855,
        "model_param_count": 78574,
        "model_size_bytes": 314296,
        "epochs": 200,
        "batch_size": 64,
        "learning_rate": 0.001,
        "optimizer": "sgd",
        "momentum": 0.9,
        "device": "cpu",
        "round_start_time": 1772224728.23702,
        "target_labels": [
            "0",
            "1",
            "2",
            "3",
            "4",
            "5"
        ],
        "input_features": 74,
        "output_classes": 6,
        "evaluate_time": 0.0075016021728515625,
        "inference_time": 0.007501125335693359,
        "test_loss": 0.3245815399921302,
        "accuracy": 0.7831439393939394,
        "precision": 0.979422575115636,
        "recall": 0.7831439393939394,
        "f1_score": 0.8627748621075683,
        "mcc": 0.6964186184673459,
        "confusion_matrix": [
            [
                0.9182692307692307,
                0.014423076923076924,
                0.0673076923076923,
                0.0,
                0.0,
                0.0
            ],
            [
                0.3333333333333333,
                0.6666666666666666,
                0.0,
                0.0,
                0.0,
                0.0
            ],
            [
                0.0,
                0.0,
                1.0,
                0.0,
                0.0,
                0.0
            ],
            [
                0.0,
                0.0,
                0.0,
                1.0,
                0.0,
                0.0
            ],
            [
                0.016282225237449117,
                0.004070556309362279,
                0.2645861601085482,
                0.0,
                0.7150610583446404,
                0.0
            ],
            [
                0.0,
                0.0,
                0.0,
                0.0,
                0.0,
                1.0
            ]
        ],
        "confusion_matrix_labels": [
            "0",
            "1",
            "2",
            "3",
            "4",
            "5"
        ],
        "num_test_samples": 1056,
        "round_end_time": 1772225138.584524,
        "round_time": 0.0075016021728515625
    },
    "3": {
        "fit_time": 17.70482301712036,
        "train_loss": 0.16078055746824577,
        "num_train_samples": 4855,
        "model_param_count": 78574,
        "model_size_bytes": 314296,
        "epochs": 200,
        "batch_size": 64,
        "learning_rate": 0.001,
        "optimizer": "sgd",
        "momentum": 0.9,
        "device": "cpu",
        "round_start_time": 1772225139.8324378,
        "target_labels": [
            "0",
            "1",
            "2",
            "3",
            "4",
            "5"
        ],
        "input_features": 74,
        "output_classes": 6,
        "evaluate_time": 0.010699748992919922,
        "inference_time": 0.010699033737182617,
        "test_loss": 0.29064538623347425,
        "accuracy": 0.7859848484848485,
        "precision": 0.9812672412895704,
        "recall": 0.7859848484848485,
        "f1_score": 0.8653190541382294,
        "mcc": 0.7008419892593515,
        "confusion_matrix": [
            [
                0.9230769230769231,
                0.009615384615384616,
                0.0673076923076923,
                0.0,
                0.0,
                0.0
            ],
            [
                0.16666666666666666,
                0.8333333333333334,
                0.0,
                0.0,
                0.0,
                0.0
            ],
            [
                0.0,
                0.0,
                1.0,
                0.0,
                0.0,
                0.0
            ],
            [
                0.0,
                0.0,
                0.0,
                1.0,
                0.0,
                0.0
            ],
            [
                0.016282225237449117,
                0.0027137042062415195,
                0.2645861601085482,
                0.0,
                0.7164179104477612,
                0.0
            ],
            [
                0.0,
                0.0,
                0.0,
                0.0,
                0.0,
                1.0
            ]
        ],
        "confusion_matrix_labels": [
            "0",
            "1",
            "2",
            "3",
            "4",
            "5"
        ],
        "num_test_samples": 1056,
        "round_end_time": 1772225594.5837176,
        "round_time": 0.010699748992919922
    },
    "4": {
        "fit_time": 17.743549823760986,
        "train_loss": 0.15775368929888772,
        "num_train_samples": 4855,
        "model_param_count": 78574,
        "model_size_bytes": 314296,
        "epochs": 200,
        "batch_size": 64,
        "learning_rate": 0.001,
        "optimizer": "sgd",
        "momentum": 0.9,
        "device": "cpu",
        "round_start_time": 1772225594.633191,
        "target_labels": [
            "0",
            "1",
            "2",
            "3",
            "4",
            "5"
        ],
        "input_features": 74,
        "output_classes": 6,
        "evaluate_time": 0.007788419723510742,
        "inference_time": 0.007787942886352539,
        "test_loss": 0.30075195702639496,
        "accuracy": 0.7821969696969697,
        "precision": 0.9816076041038885,
        "recall": 0.7821969696969697,
        "f1_score": 0.8630649991106767,
        "mcc": 0.6949069516853352,