{
    "1": {
        "fit_time": 0.49309492111206055,
        "train_loss": 2.559377650829103,
        "num_train_samples": 4855,
        "model_param_count": 7078,
        "model_size_bytes": 28312,
        "epochs": 5,
        "batch_size": 64,
        "learning_rate": 0.001,
        "round_start_time": 1772223209.4560397,
        "target_labels": [
            "0",
            "1",
            "2",
            "3",
            "4",
            "5"
        ],
        "input_features": 74,
        "output_classes": 6,
        "evaluate_time": 0.007935523986816406,
        "inference_time": 0.007934808731079102,
        "test_loss": 0.5496320074254816,
        "accuracy": 0.7168560606060606,
        "precision": 0.9261035714706344,
        "recall": 0.7168560606060606,
        "f1_score": 0.8035060971557682,
        "mcc": 0.5842110403871987,
        "confusion_matrix": [
            [
                0.6826923076923077,
                0.0,
                0.20673076923076922,
                0.0,
                0.11057692307692307,
                0.0
            ],
            [
                0.16666666666666666,
                0.0,
                0.6666666666666666,
                0.0,
                0.16666666666666666,
                0.0
            ],
            [
                0.0,
                0.0,
                1.0,
                0.0,
                0.0,
                0.0
            ],
            [
                0.0,
                0.0,
                0.0,
                0.0,
                0.0,
                1.0
            ],
            [
                0.032564450474898234,
                0.0,
                0.2727272727272727,
                0.0,
                0.694708276797829,
                0.0
            ],
            [
                0.0,
                0.0,
                0.0,
                0.0,
                0.0,
                1.0
            ]
        ],
        "confusion_matrix_labels": [
            "0",
            "1",
            "2",
            "3",
            "4",
            "5"
        ],
        "num_test_samples": 1056,
        "round_end_time": 1772223212.4337509,
        "round_time": 0.007935523986816406
    },
    "2": {
        "fit_time": 0.44797635078430176,
        "train_loss": 1.770048912119669,
        "num_train_samples": 4855,
        "model_param_count": 7078,
        "model_size_bytes": 28312,
        "epochs": 5,
        "batch_size": 64,
        "learning_rate": 0.001,
        "round_start_time": 1772223212.6953948,
        "target_labels": [
            "0",
            "1",
            "2",
            "3",
            "4",
            "5"
        ],
        "input_features": 74,
        "output_classes": 6,
        "evaluate_time": 0.008240461349487305,
        "inference_time": 0.008239507675170898,
        "test_loss": 0.415213891954133,
        "accuracy": 0.7234848484848485,
        "precision": 0.9845327973444584,
        "recall": 0.7234848484848485,
        "f1_score": 0.8254716265412203,
        "mcc": 0.6034805303604328,
        "confusion_matrix": [
            [
                0.6009615384615384,
                0.2403846153846154,
                0.13942307692307693,
                0.0,
                0.019230769230769232,
                0.0
            ],
            [
                0.0,
                1.0,
                0.0,
                0.0,
                0.0,
                0.0
            ],
            [
                0.0,
                0.0,
                0.75,
                0.0,
                0.25,
                0.0
            ],
            [
                0.0,
                0.0,
                0.0,
                1.0,
                0.0,
                0.0
            ],
            [
                0.0,
                0.018995929443690638,
                0.26322930800542743,
                0.0,
                0.7177747625508819,
                0.0
            ],
            [
                0.0,
                0.0,
                0.0,
                0.0,
                0.0,
                1.0
            ]
        ],
        "confusion_matrix_labels": [
            "0",
            "1",
            "2",
            "3",
            "4",
            "5"
        ],
        "num_test_samples": 1056,
        "round_end_time": 1772223213.2657351,
        "round_time": 0.008240461349487305
    },
    "3": {
        "fit_time": 0.45011115074157715,
        "train_loss": 1.3203569733949203,
        "num_train_samples": 4855,
        "model_param_count": 7078,
        "model_size_bytes": 28312,
        "epochs": 5,
        "batch_size": 64,
        "learning_rate": 0.001,
        "round_start_time": 1772223213.472977,
        "target_labels": [
            "0",
            "1",
            "2",
            "3",
            "4",
            "5"
        ],
        "input_features": 74,
        "output_classes": 6,
        "evaluate_time": 0.01029515266418457,
        "inference_time": 0.010293960571289062,
        "test_loss": 0.22599055460005096,
        "accuracy": 0.9214015151515151,
        "precision": 0.9558432886557886,
        "recall": 0.9214015151515151,
        "f1_score": 0.9297960120658696,
        "mcc": 0.8338501549741888,
        "confusion_matrix": [
            [
                0.6298076923076923,
                0.009615384615384616,
                0.18269230769230768,
                0.0,
                0.1778846153846154,
                0.0
            ],
            [
                0.0,
                0.6666666666666666,
                0.0,
                0.0,
                0.3333333333333333,
                0.0
            ],
            [
                0.0,
                0.0,
                0.0,
                0.0,
                1.0,
                0.0
            ],
            [
                0.0,
                0.0,
                0.0,
                1.0,
                0.0,
                0.0
            ],
            [
                0.0,
                0.0,
                0.0,
                0.0,
                1.0,
                0.0
            ],
            [
                0.0,
                0.0,
                0.0,
                0.0,
                0.0,
                1.0
            ]
        ],
        "confusion_matrix_labels": [
            "0",
            "1",
            "2",
            "3",
            "4",
            "5"
        ],
        "num_test_samples": 1056,
        "round_end_time": 1772223214.2875452,
        "round_time": 0.01029515266418457
    },
    "5": {
        "evaluate_time": 0.007074832916259766,
        "inference_time": 0.007073640823364258,
        "test_loss": 0.5195989157214309,
        "accuracy": 0.7613636363636364,
        "precision": 0.9478292565134301,
        "recall": 0.7613636363636364,
        "f1_score": 0.839578794365963,
        "mcc": 0.6175337706864927,