{
    "1": {
        "fit_time": 1.8215641975402832,
        "train_loss": 1.4638856250361247,
        "num_train_samples": 8668,
        "model_param_count": 7078,
        "model_size_bytes": 28312,
        "epochs": 5,
        "batch_size": 64,
        "learning_rate": 0.001,
        "round_start_time": 1772223210.5302274,
        "target_labels": [
            "0",
            "1",
            "2",
            "3",
            "4",
            "5"
        ],
        "input_features": 74,
        "output_classes": 6
    },
    "3": {
        "fit_time": 0.7032201290130615,
        "train_loss": 0.9647014125782771,
        "num_train_samples": 8668,
        "model_param_count": 7078,
        "model_size_bytes": 28312,
        "epochs": 5,
        "batch_size": 64,
        "learning_rate": 0.001,
        "round_start_time": 1772223213.4939191,
        "target_labels": [
            "0",
            "1",
            "2",
            "3",
            "4",
            "5"
        ],
        "input_features": 74,
        "output_classes": 6,
        "evaluate_time": 0.012149572372436523,
        "inference_time": 0.012148857116699219,
        "test_loss": 1.954364368992467,
        "accuracy": 0.2923387096774194,
        "precision": 0.8320647681228529,
        "recall": 0.2923387096774194,
        "f1_score": 0.24100055732848796,
        "mcc": 0.29541164920541263,
        "confusion_matrix": [
            [
                0.9921875,
                0.0078125,
                0.0,
                0.0,
                0.0,
                0.0
            ],
            [
                0.5,
                0.5,
                0.0,
                0.0,
                0.0,
                0.0
            ],
            [
                0.2763731473408893,
                0.05056669572798605,
                0.10897994768962511,
                0.0,
                0.5640802092414996,
                0.0
            ],
            [
                0.0,
                0.0,
                0.0,
                1.0,
                0.0,
                0.0
            ],
            [
                0.07051282051282051,
                0.0,
                0.0,
                0.0,
                0.9294871794871795,
                0.0
            ],
            [
                0.0,
                0.0,
                0.0,
                0.0,
                0.0,
                1.0
            ]
        ],
        "confusion_matrix_labels": [
            "0",
            "1",
            "2",
            "3",
            "4",
            "5"
        ],
        "num_test_samples": 1488,
        "round_end_time": 1772223214.4086516,
        "round_time": 0.012149572372436523
    },
    "4": {
        "fit_time": 0.7636497020721436,
        "train_loss": 0.9243612661373247,
        "num_train_samples": 8668,
        "model_param_count": 7078,
        "model_size_bytes": 28312,
        "epochs": 5,
        "batch_size": 64,
        "learning_rate": 0.001,
        "round_start_time": 1772223214.571326,
        "target_labels": [
            "0",
            "1",
            "2",
            "3",
            "4",
            "5"
        ],
        "input_features": 74,
        "output_classes": 6,
        "evaluate_time": 0.0099945068359375,
        "inference_time": 0.009993553161621094,
        "test_loss": 0.955075712614162,
        "accuracy": 0.40658602150537637,
        "precision": 0.7772006554606784,
        "recall": 0.40658602150537637,
        "f1_score": 0.4151680658211483,
        "mcc": 0.3158060224811451,
        "confusion_matrix": [
            [
                0.9765625,
                0.0,
                0.0234375,
                0.0,
                0.0,
                0.0
            ],
            [
                0.5,
                0.0,
                0.5,
                0.0,
                0.0,
                0.0
            ],
            [
                0.2092414995640802,
                0.0,
                0.2746294681778553,
                0.0,
                0.5161290322580645,
                0.0
            ],
            [
                0.0,
                0.0,
                0.0,
                1.0,
                0.0,
                0.0
            ],
            [
                0.05128205128205128,
                0.0,
                0.01282051282051282,
                0.0,
                0.9358974358974359,
                0.0
            ],
            [
                0.0,
                0.0,
                0.0,
                0.0,
                0.0,
                1.0
            ]
        ],
        "confusion_matrix_labels": [
            "0",
            "1",
            "2",
            "3",
            "4",
            "5"
        ],
        "num_test_samples": 1488,
        "round_end_time": 1772223215.477217,
        "round_time": 0.0099945068359375
    },
    "5": {
        "fit_time": 0.6781859397888184,
        "train_loss": 0.9066898103856689,
        "num_train_samples": 8668,
        "model_param_count": 7078,
        "model_size_bytes": 28312,
        "epochs": 5,
        "batch_size": 64,
        "learning_rate": 0.001,
        "round_start_time": 1772223216.7551548,
        "target_labels": [
            "0",
            "1",
            "2",
            "3",
            "4",
            "5"
        ],
        "input_features": 74,
        "output_classes": 6
    },
    "6": {
        "fit_time": 0.69193434715271,
        "train_loss": 0.9039177032601025,
        "num_train_samples": 8668,
        "model_param_count": 7078,
        "model_size_bytes": 28312,
        "epochs": 5,
        "batch_size": 64,
        "learning_rate": 0.001,
        "round_start_time": 1772223218.6237051,
        "target_labels": [
            "0",
            "1",
            "2",
            "3",
            "4",
            "5"
        ],
        "input_features": 74,
        "output_classes": 6,
        "evaluate_time": 0.010061264038085938,
        "inference_time": 0.010060787200927734,
        "test_loss": 0.9206697780598876,
        "accuracy": 0.4381720430107527,
        "precision": 0.7817852476078125,
        "recall": 0.4381720430107527,
        "f1_score": 0.45575800872028593,
        "mcc": 0.3285810104511373,
        "confusion_matrix": [
            [
                0.9765625,
                0.0,
                0.0234375,
                0.0,
                0.0,
                0.0
            ],
            [
                0.5,
                0.0,
                0.5,
                0.0,
                0.0,
                0.0
            ],
            [
                0.2048823016564952,
                0.0,
                0.3182214472537053,
                0.0,
                0.4768962510897995,
                0.0
            ],
            [
                0.0,
                0.0,
                0.0,
                1.0,
                0.0,
                0.0
            ],
            [
                0.057692307692307696,
                0.0,
                0.02564102564102564,
                0.0,
                0.9166666666666666,
                0.0
            ],
            [
                0.0,
                0.0,
                0.0,
                0.0,
                0.0,
                1.0
            ]
        ],
        "confusion_matrix_labels": [
            "0",
            "1",
            "2",
            "3",
            "4",
            "5"
        ],
        "num_test_samples": 1488,
        "round_end_time": 1772223219.4309173,
        "round_time": 0.010061264038085938
    },
    "7": {
        "fit_time": 0.7232978343963623,
        "train_loss": 0.8883484711171736,
        "num_train_samples": 8668,
        "model_param_count": 7078,
        "model_size_bytes": 28312,
        "epochs": 5,
        "batch_size": 64,
        "learning_rate": 0.001,
        "round_start_time": 1772223219.5791829,