{
    "1": {
        "fit_time": 0.5557553768157959,
        "train_loss": 1.718488446330632,
        "num_train_samples": 5317,
        "model_param_count": 7078,
        "model_size_bytes": 28312,
        "epochs": 5,
        "batch_size": 64,
        "learning_rate": 0.001,
        "round_start_time": 1772223210.1493928,
        "target_labels": [
            "0",
            "1",
            "2",
            "3",
            "4",
            "5"
        ],
        "input_features": 74,
        "output_classes": 6
    },
    "2": {
        "fit_time": 0.513554573059082,
        "train_loss": 1.0296875075369474,
        "num_train_samples": 5317,
        "model_param_count": 7078,
        "model_size_bytes": 28312,
        "epochs": 5,
        "batch_size": 64,
        "learning_rate": 0.001,
        "round_start_time": 1772223212.6821694,
        "target_labels": [
            "0",
            "1",
            "2",
            "3",
            "4",
            "5"
        ],
        "input_features": 74,
        "output_classes": 6,
        "evaluate_time": 0.01774287223815918,
        "inference_time": 0.017742395401000977,
        "test_loss": 0.4344279057339959,
        "accuracy": 0.8006392329204954,
        "precision": 0.9302378735100238,
        "recall": 0.8006392329204954,
        "f1_score": 0.837375875546052,
        "mcc": 0.7581286685939699,
        "confusion_matrix": [
            [
                0.9560439560439561,
                0.04395604395604396,
                0.0,
                0.0,
                0.0,
                0.0
            ],
            [
                0.39691943127962087,
                0.6030805687203792,
                0.0,
                0.0,
                0.0,
                0.0
            ],
            [
                0.0,
                0.0,
                0.5,
                0.0,
                0.5,
                0.0
            ],
            [
                0.0,
                0.0,
                0.0,
                1.0,
                0.0,
                0.0
            ],
            [
                0.05982905982905983,
                0.02564102564102564,
                0.10256410256410256,
                0.0,
                0.811965811965812,
                0.0
            ],
            [
                0.0,
                0.0,
                0.0,
                0.0015290519877675841,
                0.0,
                0.9984709480122325
            ]
        ],
        "confusion_matrix_labels": [
            "0",
            "1",
            "2",
            "3",
            "4",
            "5"
        ],
        "num_test_samples": 2503,
        "round_end_time": 1772223213.2980835,
        "round_time": 0.01774287223815918
    },
    "3": {
        "evaluate_time": 0.01566767692565918,
        "inference_time": 0.015666961669921875,
        "test_loss": 1.0895993481194834,
        "accuracy": 0.7642828605673192,
        "precision": 0.9210713423059544,
        "recall": 0.7642828605673192,
        "f1_score": 0.7771373808424109,
        "mcc": 0.7337303835193812,
        "confusion_matrix": [
            [
                1.0,
                0.0,
                0.0,
                0.0,
                0.0,
                0.0
            ],
            [
                0.5592417061611374,
                0.36611374407582936,
                0.004739336492890996,
                0.0,
                0.06990521327014218,
                0.0
            ],
            [
                0.0,
                0.0,
                0.0,
                0.0,
                1.0,
                0.0
            ],
            [
                0.0,
                0.0,
                0.0,
                1.0,
                0.0,
                0.0
            ],
            [
                0.06471306471306472,
                0.0,
                0.0,
                0.0,
                0.9352869352869353,
                0.0
            ],
            [
                0.0,
                0.0,
                0.0,
                0.0,
                0.0,
                1.0
            ]
        ],
        "confusion_matrix_labels": [
            "0",
            "1",
            "2",
            "3",
            "4",
            "5"
        ],
        "num_test_samples": 2503,
        "round_end_time": 1772223214.292258,
        "round_time": 0.01566767692565918
    },
    "5": {
        "evaluate_time": 0.02048516273498535,
        "inference_time": 0.020482540130615234,
        "test_loss": 2.006267577040638,
        "accuracy": 0.6308429884139033,
        "precision": 0.9425051586222216,
        "recall": 0.6308429884139033,
        "f1_score": 0.6060605904320593,
        "mcc": 0.6144683648901657,
        "confusion_matrix": [
            [
                0.9725274725274725,
                0.0,
                0.027472527472527472,
                0.0,
                0.0,
                0.0
            ],
            [
                0.6018957345971564,
                0.009478672985781991,
                0.38744075829383884,
                0.0,
                0.001184834123222749,
                0.0
            ],
            [
                0.0,
                0.0,
                0.0,
                0.0,
                1.0,
                0.0
            ],
            [
                0.0,
                0.0,
                0.0,
                1.0,
                0.0,
                0.0
            ],
            [
                0.05616605616605617,
                0.0,
                0.04151404151404151,
                0.0,
                0.9023199023199023,
                0.0
            ],
            [
                0.0,
                0.0,
                0.0,
                0.0015290519877675841,
                0.0,
                0.9984709480122325
            ]
        ],
        "confusion_matrix_labels": [
            "0",
            "1",
            "2",
            "3",
            "4",
            "5"
        ],
        "num_test_samples": 2503,
        "round_end_time": 1772223217.5465567,
        "round_time": 0.02048516273498535
    },
    "6": {
        "evaluate_time": 0.018429994583129883,
        "inference_time": 0.01842808723449707,
        "test_loss": 1.5890209776279787,
        "accuracy": 0.6556132640831003,
        "precision": 0.8693109445136424,
        "recall": 0.6556132640831003,
        "f1_score": 0.5994567734740073,
        "mcc": 0.6127194900158661,
        "confusion_matrix": [
            [
                0.9340659340659341,
                0.0,
                0.04395604395604396,
                0.0,
                0.02197802197802198,
                0.0
            ],
            [
                0.45734597156398105,
                0.045023696682464455,
                0.21682464454976302,
                0.0,
                0.28080568720379145,
                0.0
            ],
            [
                0.0,
                0.0,
                0.0,
                0.0,
                1.0,
                0.0
            ],
            [
                0.0,
                0.0,
                0.0,
                1.0,
                0.0,
                0.0
            ],
            [
                0.047619047619047616,
                0.0,
                0.003663003663003663,
                0.0,
                0.9487179487179487,
                0.0
            ],
            [
                0.0,
                0.0,
                0.0,
                0.0,
                0.0,
                1.0
            ]
        ],
        "confusion_matrix_labels": [
            "0",
            "1",
            "2",
            "3",
            "4",
            "5"
        ],
        "num_test_samples": 2503,
        "round_end_time": 1772223219.4084852,
        "round_time": 0.018429994583129883
    },