{
    "4": {
        "evaluate_time": 0.012290000915527344,
        "inference_time": 0.01228952407836914,
        "test_loss": 0.21219648643521194,
        "accuracy": 0.9335740072202167,
        "precision": 0.9467476627066994,
        "recall": 0.9335740072202167,
        "f1_score": 0.9392227807244389,
        "mcc": 0.6446910258539822,
        "confusion_matrix": [
            [
                0.9666401906274821,
                0.0,
                0.02779984114376489,
                0.0,
                0.005559968228752979,
                0.0
            ],
            [
                0.5454545454545454,
                0.0,
                0.2727272727272727,
                0.0,
                0.18181818181818182,
                0.0
            ],
            [
                0.19444444444444445,
                0.0,
                0.25,
                0.0,
                0.5555555555555556,
                0.0
            ],
            [
                0.5,
                0.0,
                0.0,
                0.5,
                0.0,
                0.0
            ],
            [
                0.0,
                0.0,
                0.0,
                0.0,
                1.0,
                0.0
            ],
            [
                0.0,
                0.0,
                0.0,
                0.0,
                0.0,
                1.0
            ]
        ],
        "confusion_matrix_labels": [
            "0",
            "1",
            "2",
            "3",
            "4",
            "5"
        ],
        "num_test_samples": 1385,
        "round_end_time": 1772223215.3951993,
        "round_time": 0.012290000915527344
    },
    "5": {
        "evaluate_time": 0.009424686431884766,
        "inference_time": 0.009423971176147461,
        "test_loss": 0.17253561439496945,
        "accuracy": 0.9537906137184116,
        "precision": 0.9515998584548713,
        "recall": 0.9537906137184116,
        "f1_score": 0.9517960810595986,
        "mcc": 0.7331403324920484,
        "confusion_matrix": [
            [
                0.9817315329626688,
                0.0,
                0.018268467037331215,
                0.0,
                0.0,
                0.0
            ],
            [
                0.5454545454545454,
                0.0,
                0.45454545454545453,
                0.0,
                0.0,
                0.0
            ],
            [
                0.19444444444444445,
                0.0,
                0.5,
                0.0,
                0.3055555555555556,
                0.0
            ],
            [
                0.5,
                0.0,
                0.0,
                0.5,
                0.0,
                0.0
            ],
            [
                0.0,
                0.0,
                0.0,
                0.0,
                1.0,
                0.0
            ],
            [
                0.0,
                0.0,
                0.0,
                0.0,
                0.0,
                1.0
            ]
        ],
        "confusion_matrix_labels": [
            "0",
            "1",
            "2",
            "3",
            "4",
            "5"
        ],
        "num_test_samples": 1385,
        "round_end_time": 1772223217.4856813,
        "round_time": 0.009424686431884766
    },
    "9": {
        "fit_time": 0.17717790603637695,
        "train_loss": 0.6575215339255543,
        "num_train_samples": 1361,
        "model_param_count": 7078,
        "model_size_bytes": 28312,
        "epochs": 5,
        "batch_size": 64,
        "learning_rate": 0.001,
        "round_start_time": 1772223228.056678,
        "target_labels": [
            "0",
            "1",
            "2",
            "3",
            "4",
            "5"
        ],
        "input_features": 74,
        "output_classes": 6,
        "evaluate_time": 0.016780614852905273,
        "inference_time": 0.016779422760009766,
        "test_loss": 0.599952171898921,
        "accuracy": 0.7819494584837545,
        "precision": 0.9661188424841548,
        "recall": 0.7819494584837545,
        "f1_score": 0.8534829204499016,
        "mcc": 0.4348744089288167,
        "confusion_matrix": [
            [
                0.7847498014297061,
                0.0,
                0.11755361397934869,
                0.0,
                0.0976965845909452,
                0.0
            ],
            [
                0.45454545454545453,
                0.18181818181818182,
                0.18181818181818182,
                0.0,
                0.18181818181818182,
                0.0
            ],
            [
                0.0,
                0.0,
                0.6666666666666666,
                0.0,
                0.3333333333333333,
                0.0
            ],
            [
                0.5,
                0.0,
                0.0,
                0.5,
                0.0,
                0.0
            ],
            [
                0.0,
                0.0,
                0.0,
                0.0,
                1.0,
                0.0
            ],
            [
                0.0,
                0.0,
                0.0,
                0.0,
                0.0,
                1.0
            ]
        ],
        "confusion_matrix_labels": [
            "0",
            "1",
            "2",
            "3",
            "4",
            "5"
        ],
        "num_test_samples": 1385,
        "round_end_time": 1772223229.1531086,
        "round_time": 0.016780614852905273
    },
    "10": {
        "fit_time": 0.15797853469848633,
        "train_loss": 1.131928774723229,
        "num_train_samples": 1361,
        "model_param_count": 7078,
        "model_size_bytes": 28312,
        "epochs": 5,
        "batch_size": 64,
        "learning_rate": 0.001,
        "round_start_time": 1772223230.4638019,
        "target_labels": [
            "0",
            "1",
            "2",
            "3",
            "4",
            "5"
        ],
        "input_features": 74,
        "output_classes": 6
    }
}