{
    "1": {
        "fit_time": 31.38667917251587,
        "train_loss": 0.2370033280698777,
        "num_train_samples": 8308,
        "model_param_count": 78574,
        "model_size_bytes": 314296,
        "epochs": 200,
        "batch_size": 64,
        "learning_rate": 0.001,
        "optimizer": "sgd",
        "momentum": 0.9,
        "device": "cpu",
        "round_start_time": 1772224625.5601807,
        "target_labels": [
            "0",
            "1",
            "2",
            "3",
            "4",
            "5"
        ],
        "input_features": 74,
        "output_classes": 6,
        "evaluate_time": 0.0022008419036865234,
        "inference_time": 0.0022003650665283203,
        "test_loss": 0.34699440958888034,
        "accuracy": 0.8930232558139535,
        "precision": 0.8885374677002584,
        "recall": 0.8930232558139535,
        "f1_score": 0.8885540262616676,
        "mcc": 0.7965520876232051,
        "confusion_matrix": [
            [
                0.9416666666666667,
                0.008333333333333333,
                0.05,
                0.0,
                0.0,
                0.0
            ],
            [
                1.0,
                0.0,
                0.0,
                0.0,
                0.0,
                0.0
            ],
            [
                0.11494252873563218,
                0.0,
                0.8620689655172413,
                0.0,
                0.022988505747126436,
                0.0
            ],
            [
                0.0,
                0.0,
                0.0,
                0.0,
                0.0,
                1.0
            ],
            [
                0.0,
                0.0,
                0.0,
                0.0,
                1.0,
                0.0
            ],
            [
                0.0,
                0.0,
                0.0,
                0.0,
                0.0,
                1.0
            ]
        ],
        "confusion_matrix_labels": [
            "0",
            "1",
            "2",
            "3",
            "4",
            "5"
        ],
        "num_test_samples": 215,
        "round_end_time": 1772224687.0400681,
        "round_time": 0.0022008419036865234
    },
    "2": {
        "fit_time": 30.241848468780518,
        "train_loss": 0.15812863132479202,
        "num_train_samples": 8308,
        "model_param_count": 78574,
        "model_size_bytes": 314296,
        "epochs": 200,
        "batch_size": 64,
        "learning_rate": 0.001,
        "optimizer": "sgd",
        "momentum": 0.9,
        "device": "cpu",
        "round_start_time": 1772224687.3614624,
        "target_labels": [
            "0",
            "1",
            "2",
            "3",
            "4",
            "5"
        ],
        "input_features": 74,
        "output_classes": 6,
        "evaluate_time": 0.0025658607482910156,
        "inference_time": 0.0025653839111328125,
        "test_loss": 0.27309932486955507,
        "accuracy": 0.9162790697674419,
        "precision": 0.9271156330749354,
        "recall": 0.9162790697674419,
        "f1_score": 0.9182805278541378,
        "mcc": 0.8486406555984803,
        "confusion_matrix": [
            [
                0.8833333333333333,
                0.008333333333333333,
                0.10833333333333334,
                0.0,
                0.0,
                0.0
            ],
            [
                0.0,
                1.0,
                0.0,
                0.0,
                0.0,
                0.0
            ],
            [
                0.022988505747126436,
                0.011494252873563218,
                0.9540229885057471,
                0.0,
                0.011494252873563218,
                0.0
            ],
            [
                0.0,
                0.0,
                0.0,
                1.0,
                0.0,
                0.0
            ],
            [
                0.0,
                0.0,
                0.0,
                0.0,
                1.0,
                0.0
            ],
            [
                0.0,
                0.0,
                0.0,
                0.0,
                0.0,
                1.0
            ]
        ],
        "confusion_matrix_labels": [
            "0",
            "1",
            "2",
            "3",
            "4",
            "5"
        ],
        "num_test_samples": 215,
        "round_end_time": 1772225138.946361,
        "round_time": 0.0025658607482910156
    },
    "3": {
        "fit_time": 31.107372999191284,
        "train_loss": 0.15456137904446243,
        "num_train_samples": 8308,
        "model_param_count": 78574,
        "model_size_bytes": 314296,
        "epochs": 200,
        "batch_size": 64,
        "learning_rate": 0.001,
        "optimizer": "sgd",
        "momentum": 0.9,
        "device": "cpu",
        "round_start_time": 1772225177.8658068,
        "target_labels": [
            "0",
            "1",
            "2",
            "3",
            "4",
            "5"
        ],
        "input_features": 74,
        "output_classes": 6,
        "evaluate_time": 0.0027883052825927734,
        "inference_time": 0.0027875900268554688,
        "test_loss": 0.27756191616834597,
        "accuracy": 0.9162790697674419,
        "precision": 0.9271156330749354,
        "recall": 0.9162790697674419,
        "f1_score": 0.9182805278541378,
        "mcc": 0.8486406555984803,
        "confusion_matrix": [
            [
                0.8833333333333333,
                0.008333333333333333,
                0.10833333333333334,
                0.0,
                0.0,
                0.0
            ],
            [
                0.0,
                1.0,
                0.0,
                0.0,
                0.0,
                0.0
            ],
            [
                0.022988505747126436,
                0.011494252873563218,
                0.9540229885057471,
                0.0,
                0.011494252873563218,
                0.0
            ],
            [
                0.0,
                0.0,
                0.0,
                1.0,
                0.0,
                0.0
            ],
            [
                0.0,
                0.0,
                0.0,
                0.0,
                1.0,
                0.0
            ],
            [
                0.0,
                0.0,
                0.0,
                0.0,
                0.0,
                1.0
            ]
        ],
        "confusion_matrix_labels": [
            "0",
            "1",
            "2",
            "3",
            "4",
            "5"
        ],
        "num_test_samples": 215,
        "round_end_time": 1772225593.514822,
        "round_time": 0.0027883052825927734
    },
    "4": {
        "fit_time": 31.618908882141113,
        "train_loss": 0.15244217108144142,
        "num_train_samples": 8308,
        "model_param_count": 78574,
        "model_size_bytes": 314296,
        "epochs": 200,
        "batch_size": 64,
        "learning_rate": 0.001,
        "optimizer": "sgd",
        "momentum": 0.9,
        "device": "cpu",
        "round_start_time": 1772225987.68285,
        "target_labels": [
            "0",
            "1",
            "2",
            "3",
            "4",
            "5"
        ],
        "input_features": 74,
        "output_classes": 6,
        "evaluate_time": 0.0028095245361328125,
        "inference_time": 0.002808809280395508,
        "test_loss": 0.2844851241555325,
        "accuracy": 0.9116279069767442,
        "precision": 0.9260888031587335,
        "recall": 0.9116279069767442,
        "f1_score": 0.9147632827384802,
        "mcc": 0.8413081325359223,