{
    "1": {
        "fit_time": 5.434952974319458,
        "train_loss": 0.6463611945618499,
        "num_train_samples": 1187,
        "model_param_count": 78574,
        "model_size_bytes": 314296,
        "epochs": 200,
        "batch_size": 64,
        "learning_rate": 0.001,
        "optimizer": "sgd",
        "momentum": 0.9,
        "device": "cpu",
        "round_start_time": 1772224224.8258116,
        "target_labels": [
            "0",
            "1",
            "2",
            "3",
            "4",
            "5"
        ],
        "input_features": 74,
        "output_classes": 6,
        "evaluate_time": 0.00556182861328125,
        "inference_time": 0.005561351776123047,
        "test_loss": 0.2042550959094296,
        "accuracy": 0.9446870451237264,
        "precision": 0.9600215093984856,
        "recall": 0.9446870451237264,
        "f1_score": 0.9497910264575621,
        "mcc": 0.7071814301987545,
        "confusion_matrix": [
            [
                0.9556962025316456,
                0.004746835443037975,
                0.03481012658227848,
                0.0,
                0.004746835443037975,
                0.0
            ],
            [
                0.0,
                1.0,
                0.0,
                0.0,
                0.0,
                0.0
            ],
            [
                0.14285714285714285,
                0.0,
                0.8214285714285714,
                0.0,
                0.03571428571428571,
                0.0
            ],
            [
                0.5,
                0.0,
                0.0,
                0.0,
                0.0,
                0.5
            ],
            [
                0.0,
                0.0,
                0.375,
                0.0,
                0.625,
                0.0
            ],
            [
                0.0,
                0.0,
                0.0,
                0.0,
                0.0,
                1.0
            ]
        ],
        "confusion_matrix_labels": [
            "0",
            "1",
            "2",
            "3",
            "4",
            "5"
        ],
        "num_test_samples": 687,
        "round_end_time": 1772224686.854089,
        "round_time": 0.00556182861328125
    },
    "2": {
        "fit_time": 4.424405574798584,
        "train_loss": 0.09400888593161671,
        "num_train_samples": 1187,
        "model_param_count": 78574,
        "model_size_bytes": 314296,
        "epochs": 200,
        "batch_size": 64,
        "learning_rate": 0.001,
        "optimizer": "sgd",
        "momentum": 0.9,
        "device": "cpu",
        "round_start_time": 1772225067.863734,
        "target_labels": [
            "0",
            "1",
            "2",
            "3",
            "4",
            "5"
        ],
        "input_features": 74,
        "output_classes": 6,
        "evaluate_time": 0.00515437126159668,
        "inference_time": 0.005154132843017578,
        "test_loss": 0.17027691564098368,
        "accuracy": 0.9039301310043668,
        "precision": 0.9708088486351465,
        "recall": 0.9039301310043668,
        "f1_score": 0.9270122015539687,
        "mcc": 0.6416890183593148,
        "confusion_matrix": [
            [
                0.9003164556962026,
                0.020569620253164556,
                0.07911392405063292,
                0.0,
                0.0,
                0.0
            ],
            [
                0.0,
                1.0,
                0.0,
                0.0,
                0.0,
                0.0
            ],
            [
                0.0,
                0.0,
                1.0,
                0.0,
                0.0,
                0.0
            ],
            [
                0.0,
                0.0,
                0.0,
                1.0,
                0.0,
                0.0
            ],
            [
                0.0,
                0.0,
                0.375,
                0.0,
                0.625,
                0.0
            ],
            [
                0.0,
                0.0,
                0.0,
                0.0,
                0.0,
                1.0
            ]
        ],
        "confusion_matrix_labels": [
            "0",
            "1",
            "2",
            "3",
            "4",
            "5"
        ],
        "num_test_samples": 687,
        "round_end_time": 1772225138.7829223,
        "round_time": 0.00515437126159668
    },
    "3": {
        "fit_time": 4.369662761688232,
        "train_loss": 0.07667749556095618,
        "num_train_samples": 1187,
        "model_param_count": 78574,
        "model_size_bytes": 314296,
        "epochs": 200,
        "batch_size": 64,
        "learning_rate": 0.001,
        "optimizer": "sgd",
        "momentum": 0.9,
        "device": "cpu",
        "round_start_time": 1772225173.4438772,
        "target_labels": [
            "0",
            "1",
            "2",
            "3",
            "4",
            "5"
        ],
        "input_features": 74,
        "output_classes": 6,
        "evaluate_time": 0.005224943161010742,
        "inference_time": 0.005224466323852539,
        "test_loss": 0.17619743409635719,
        "accuracy": 0.9082969432314411,
        "precision": 0.9709058889068594,
        "recall": 0.9082969432314411,
        "f1_score": 0.929571439905235,
        "mcc": 0.6511452530876704,
        "confusion_matrix": [
            [
                0.9050632911392406,
                0.015822784810126583,
                0.07911392405063292,
                0.0,
                0.0,
                0.0
            ],
            [
                0.0,
                1.0,
                0.0,
                0.0,
                0.0,
                0.0
            ],
            [
                0.0,
                0.0,
                1.0,
                0.0,
                0.0,
                0.0
            ],
            [
                0.0,
                0.0,
                0.0,
                1.0,
                0.0,
                0.0
            ],
            [
                0.0,
                0.0,
                0.375,
                0.0,
                0.625,
                0.0
            ],
            [
                0.0,
                0.0,
                0.0,
                0.0,
                0.0,
                1.0
            ]
        ],
        "confusion_matrix_labels": [
            "0",
            "1",
            "2",
            "3",
            "4",
            "5"
        ],
        "num_test_samples": 687,
        "round_end_time": 1772225594.3929703,
        "round_time": 0.005224943161010742
    },
    "4": {
        "fit_time": 4.379926919937134,
        "train_loss": 0.07285277703026974,
        "num_train_samples": 1187,
        "model_param_count": 78574,
        "model_size_bytes": 314296,
        "epochs": 200,
        "batch_size": 64,
        "learning_rate": 0.001,
        "optimizer": "sgd",
        "momentum": 0.9,
        "device": "cpu",
        "round_start_time": 1772225935.5689929,
        "target_labels": [
            "0",
            "1",
            "2",
            "3",
            "4",
            "5"
        ],
        "input_features": 74,
        "output_classes": 6,
        "evaluate_time": 0.005239963531494141,
        "inference_time": 0.0052394866943359375,
        "test_loss": 0.18739146300018095,
        "accuracy": 0.893740902474527,
        "precision": 0.9706853428347847,
        "recall": 0.893740902474527,
        "f1_score": 0.9211362071178159,
        "mcc": 0.6210926789582157,