{
    "1": {
        "fit_time": 10.68045163154602,
        "train_loss": 0.7903037830416227,
        "num_train_samples": 85230,
        "model_param_count": 78574,
        "model_size_bytes": 314296,
        "epochs": 2,
        "batch_size": 32,
        "learning_rate": 0.001,
        "optimizer": "sgd",
        "momentum": 0.9,
        "device": "cpu",
        "round_start_time": 1772224047.2251294,
        "target_labels": [
            "0",
            "1",
            "2",
            "3",
            "4",
            "5"
        ],
        "input_features": 74,
        "output_classes": 6,
        "evaluate_time": 0.2977011203765869,
        "inference_time": 0.2976987361907959,
        "test_loss": 0.4136536960040361,
        "accuracy": 0.8194190248251912,
        "precision": 0.8389657161765378,
        "recall": 0.8194190248251912,
        "f1_score": 0.8200398794429219,
        "mcc": 0.7739379565247496,
        "confusion_matrix": [
            [
                0.8156028368794326,
                0.10416666666666667,
                0.07816193853427895,
                0.0,
                0.0020685579196217494,
                0.0
            ],
            [
                0.24270795822830393,
                0.6773496579042132,
                0.0655383507382067,
                0.0,
                0.014404033129276198,
                0.0
            ],
            [
                0.028530670470756064,
                0.04232049453162149,
                0.9229671897289586,
                0.0,
                0.006181645268663814,
                0.0
            ],
            [
                0.0,
                0.0,
                0.34,
                0.0,
                0.66,
                0.0
            ],
            [
                0.004112239961296565,
                0.022980164489598453,
                0.2946298984034833,
                0.0,
                0.6782776971456217,
                0.0
            ],
            [
                0.0,
                0.0,
                0.0,
                0.0,
                0.0,
                1.0
            ]
        ],
        "confusion_matrix_labels": [
            "0",
            "1",
            "2",
            "3",
            "4",
            "5"
        ],
        "num_test_samples": 21309,
        "round_end_time": 1772224059.5785847,
        "round_time": 0.2977011203765869
    }
}